[{"model": "recorder_engine.pin", "pk": 108, "fields": {"recording": 85, "time": 3346, "text": "Ok", "media_url": ""}}, {"model": "recorder_engine.pin", "pk": 109, "fields": {"recording": 85, "time": 12766, "text": "Pin", "media_url": ""}}, {"model": "recorder_engine.pin", "pk": 110, "fields": {"recording": 87, "time": 727539, "text": "Sezione critica", "media_url": ""}}, {"model": "recorder_engine.pin", "pk": 111, "fields": {"recording": 87, "time": 1052354, "text": "Deadlock", "media_url": ""}}, {"model": "recorder_engine.pin", "pk": 112, "fields": {"recording": 87, "time": 2074934, "text": "Evitare il deadlock", "media_url": ""}}, {"model": "recorder_engine.pin", "pk": 113, "fields": {"recording": 87, "time": 2349516, "text": "Prevenzione statica", "media_url": ""}}, {"model": "recorder_engine.pin", "pk": 114, "fields": {"recording": 87, "time": 3335064, "text": "Prevenzione dinamica", "media_url": ""}}, {"model": "recorder_engine.pin", "pk": 115, "fields": {"recording": 87, "time": 883056, "text": " pin updates ", "media_url": ""}}, {"model": "recorder_engine.pin", "pk": 116, "fields": {"recording": 87, "time": 2110586, "text": "Prova", "media_url": ""}}, {"model": "recorder_engine.pin", "pk": 117, "fields": {"recording": 87, "time": 0, "text": "Ini", "media_url": ""}}, {"model": "recorder_engine.pin", "pk": 118, "fields": {"recording": 87, "time": 2075591, "text": "", "media_url": ""}}, {"model": "recorder_engine.pin", "pk": 119, "fields": {"recording": 87, "time": 2076679, "text": "Tua madre", "media_url": ""}}, {"model": "recorder_engine.pin", "pk": 120, "fields": {"recording": 87, "time": 2079613, "text": "", "media_url": ""}}, {"model": "recorder_engine.pin", "pk": 121, "fields": {"recording": 87, "time": 2085041, "text": "", "media_url": ""}}, {"model": "recorder_engine.pin", "pk": 122, "fields": {"recording": 87, "time": 2086332, "text": "", "media_url": ""}}, {"model": "recorder_engine.pin", "pk": 123, "fields": {"recording": 87, "time": 2088298, "text": "", "media_url": ""}}, {"model": "recorder_engine.pin", "pk": 124, "fields": {"recording": 87, "time": 2090351, "text": "", "media_url": ""}}, {"model": "recorder_engine.pin", "pk": 125, "fields": {"recording": 87, "time": 2091056, "text": "", "media_url": ""}}, {"model": "recorder_engine.pin", "pk": 126, "fields": {"recording": 87, "time": 2092354, "text": "", "media_url": ""}}, {"model": "recorder_engine.pin", "pk": 127, "fields": {"recording": 87, "time": 727560, "text": "Prova loading save", "media_url": ""}}, {"model": "recorder_engine.pin", "pk": 128, "fields": {"recording": 87, "time": 2466, "text": "Prova loading save", "media_url": ""}}, {"model": "recorder_engine.pin", "pk": 129, "fields": {"recording": 87, "time": 4435, "text": "", "media_url": ""}}, {"model": "recorder_engine.pin", "pk": 130, "fields": {"recording": 85, "time": 14975, "text": "", "media_url": ""}}, {"model": "recorder_engine.pin", "pk": 131, "fields": {"recording": 85, "time": 4581, "text": "Prova ", "media_url": ""}}, {"model": "recorder_engine.pin", "pk": 132, "fields": {"recording": 85, "time": 5948, "text": " Gghh", "media_url": ""}}, {"model": "recorder_engine.pin", "pk": 133, "fields": {"recording": 88, "time": 603, "text": "Redesign", "media_url": ""}}, {"model": "recorder_engine.pin", "pk": 134, "fields": {"recording": 88, "time": 8962, "text": "Prova", "media_url": ""}}, {"model": "recorder_engine.pin", "pk": 135, "fields": {"recording": 88, "time": 10041, "text": "", "media_url": ""}}, {"model": "recorder_engine.pin", "pk": 136, "fields": {"recording": 89, "time": 603, "text": "Redesign", "media_url": ""}}, {"model": "recorder_engine.pin", "pk": 137, "fields": {"recording": 89, "time": 8962, "text": "Prova", "media_url": ""}}, {"model": "recorder_engine.pin", "pk": 138, "fields": {"recording": 89, "time": 10041, "text": "", "media_url": ""}}, {"model": "recorder_engine.pin", "pk": 139, "fields": {"recording": 90, "time": 455, "text": "Pin batch test", "media_url": ""}}, {"model": "auth.user", "pk": 1, "fields": {"password": "pbkdf2_sha256$36000$qBBiasSz4JDK$r8aKzPsq1MnSGG6GdQtWFtgt9NnIoY50Sq2WXx3Sjro=", "last_login": "2017-04-29T16:32:59.785Z", "is_superuser": true, "username": "freddy", "first_name": "", "last_name": "", "email": "freddy6896@gmail.com", "is_staff": true, "is_active": true, "date_joined": "2017-04-08T17:37:25.125Z", "groups": [], "user_permissions": []}}, {"model": "auth.user", "pk": 2, "fields": {"password": "pbkdf2_sha256$36000$JIPbx6fjeLYf$im4X4Ug59MUxf8fxzBxxKXbT9vcj6wgQW3XnP7CNVy8=", "last_login": "2017-05-03T19:06:04.586Z", "is_superuser": true, "username": "arabello", "first_name": "", "last_name": "", "email": "matteo.pelle.pellegrino@gmail.com", "is_staff": true, "is_active": true, "date_joined": "2017-04-09T16:15:52.142Z", "groups": [], "user_permissions": []}}, {"model": "sessions.session", "pk": "2bbrev4x4gffxt6tvfdd2c3twnp3l56z", "fields": {"session_data": "MDY4MmNmZTY4NDU5ZTBlN2EwYjE3YWIxOTVjOTNkNmNhMDAxYTBmMTp7Il9hdXRoX3VzZXJfaGFzaCI6Ijk1NmU2ODNhYWRiNzhhYzc1NDlmMTM5YmU3NWNmMzMzMWI0ZjYzZGMiLCJfYXV0aF91c2VyX2lkIjoiMiIsIl9hdXRoX3VzZXJfYmFja2VuZCI6ImRqYW5nby5jb250cmliLmF1dGguYmFja2VuZHMuTW9kZWxCYWNrZW5kIn0=", "expire_date": "2017-04-26T09:35:25.626Z"}}, {"model": "sessions.session", "pk": "2uu8cpvy9o73sxkwaxj8hw8v8uf3pri2", "fields": {"session_data": "OWZhYjNkN2UyYzIwOGE5NWQ5NTQ2ZmEzMTZjMzNlZTczNDQyYTc2NDp7Il9hdXRoX3VzZXJfYmFja2VuZCI6ImRqYW5nby5jb250cmliLmF1dGguYmFja2VuZHMuTW9kZWxCYWNrZW5kIiwiX2F1dGhfdXNlcl9oYXNoIjoiOTU2ZTY4M2FhZGI3OGFjNzU0OWYxMzliZTc1Y2YzMzMxYjRmNjNkYyIsIl9hdXRoX3VzZXJfaWQiOiIyIn0=", "expire_date": "2017-05-17T19:06:04.605Z"}}, {"model": "sessions.session", "pk": "7hjqmq38q9vs28rbo69qkj1f0cfqnyb6", "fields": {"session_data": "ZmMyMDU3NGU4ZGI4ODkzM2U5NjUxODUwZmE5NWQ5OThiNGU2OGNiZTp7ImZhY2Vib29rX3N0YXRlIjoiZ0U5QzhpWE5PN2MzQklidUx0dDFYOTJDMDk5a3JpUEwifQ==", "expire_date": "2017-05-02T17:16:39.117Z"}}, {"model": "sessions.session", "pk": "crtoehnslr1xovosiy3zxv8t2bnmymna", "fields": {"session_data": "YmVlMDc2Y2ExYmM0ZDQ5MTBkODZkN2YxMzY0ZjM5OTE1NmIxNjYwZTp7Il9hdXRoX3VzZXJfaGFzaCI6IjJkYWJhZGE2Mzg4ZDZjNjI1NzA1NzEyMGQzMzVjYWZjYjBmOGJjOWEiLCJfYXV0aF91c2VyX2lkIjoiMSIsIl9hdXRoX3VzZXJfYmFja2VuZCI6ImRqYW5nby5jb250cmliLmF1dGguYmFja2VuZHMuTW9kZWxCYWNrZW5kIn0=", "expire_date": "2017-04-23T16:13:55.614Z"}}, {"model": "sessions.session", "pk": "kue205zlgm2tz1sulpvgiri1n2iz76k1", "fields": {"session_data": "ZDdkZmExYjMwNjFkMGIxZjBjYjQzOTA2NDYwZmU0OGFjYjgyMTI1Yjp7Il9hdXRoX3VzZXJfaWQiOiIyIiwiX2F1dGhfdXNlcl9iYWNrZW5kIjoiZGphbmdvLmNvbnRyaWIuYXV0aC5iYWNrZW5kcy5Nb2RlbEJhY2tlbmQiLCJfYXV0aF91c2VyX2hhc2giOiI5NTZlNjgzYWFkYjc4YWM3NTQ5ZjEzOWJlNzVjZjMzMzFiNGY2M2RjIn0=", "expire_date": "2017-05-13T16:33:45.532Z"}}, {"model": "sessions.session", "pk": "lstbuoxnk4hrd7ijcmg8po47ssgqt5xs", "fields": {"session_data": "YjIzNDU2ZDY3N2NjNDgyMGJlNzdmZjNiN2IzNjQzMWQ4MmZjNDFkMzp7Il9hdXRoX3VzZXJfaGFzaCI6Ijk1NmU2ODNhYWRiNzhhYzc1NDlmMTM5YmU3NWNmMzMzMWI0ZjYzZGMiLCJfYXV0aF91c2VyX2JhY2tlbmQiOiJkamFuZ28uY29udHJpYi5hdXRoLmJhY2tlbmRzLk1vZGVsQmFja2VuZCIsIl9hdXRoX3VzZXJfaWQiOiIyIn0=", "expire_date": "2017-05-02T17:19:28.773Z"}}, {"model": "sessions.session", "pk": "nwnnd7409xtdgn34kidm2mc4ssblx6as", "fields": {"session_data": "NWQ4ZmY4NmExNWExZTBmOTIzOWJhMTQyODIxY2FiMjRiZTcxMDk2MDp7Il9hdXRoX3VzZXJfYmFja2VuZCI6ImRqYW5nby5jb250cmliLmF1dGguYmFja2VuZHMuTW9kZWxCYWNrZW5kIiwiX2F1dGhfdXNlcl9pZCI6IjIiLCJfYXV0aF91c2VyX2hhc2giOiI5NTZlNjgzYWFkYjc4YWM3NTQ5ZjEzOWJlNzVjZjMzMzFiNGY2M2RjIn0=", "expire_date": "2017-05-11T09:47:57.147Z"}}, {"model": "admin.logentry", "pk": 1, "fields": {"action_time": "2017-04-09T16:16:22.249Z", "user": 1, "content_type": 1, "object_id": "1", "object_repr": "Carlo Caini", "action_flag": 1, "change_message": "[{\"added\": {}}]"}}, {"model": "admin.logentry", "pk": 2, "fields": {"action_time": "2017-04-09T16:16:27.698Z", "user": 1, "content_type": 2, "object_id": "1", "object_repr": "Telecomunicazioni", "action_flag": 1, "change_message": "[{\"added\": {}}]"}}, {"model": "admin.logentry", "pk": 3, "fields": {"action_time": "2017-04-09T16:16:39.178Z", "user": 1, "content_type": 1, "object_id": "2", "object_repr": "Anna Ciampolini", "action_flag": 1, "change_message": "[{\"added\": {}}]"}}, {"model": "admin.logentry", "pk": 4, "fields": {"action_time": "2017-04-09T16:16:41.922Z", "user": 1, "content_type": 2, "object_id": "2", "object_repr": "Sistemi Operativi", "action_flag": 1, "change_message": "[{\"added\": {}}]"}}, {"model": "admin.logentry", "pk": 5, "fields": {"action_time": "2017-04-09T16:17:04.687Z", "user": 1, "content_type": 3, "object_id": "1", "object_repr": "Filesystem su Unix", "action_flag": 1, "change_message": "[{\"added\": {}}]"}}, {"model": "admin.logentry", "pk": 6, "fields": {"action_time": "2017-04-09T16:17:27.319Z", "user": 1, "content_type": 3, "object_id": "2", "object_repr": "Shell di Unix", "action_flag": 1, "change_message": "[{\"added\": {}}]"}}, {"model": "admin.logentry", "pk": 7, "fields": {"action_time": "2017-04-09T16:17:48.292Z", "user": 1, "content_type": 3, "object_id": "3", "object_repr": "Trasformata di Fourier", "action_flag": 1, "change_message": "[{\"added\": {}}]"}}, {"model": "admin.logentry", "pk": 8, "fields": {"action_time": "2017-04-17T10:22:06.882Z", "user": 1, "content_type": 4, "object_id": "1", "object_repr": "raw_upload/output16filter4.mp3", "action_flag": 1, "change_message": "[{\"added\": {}}]"}}, {"model": "admin.logentry", "pk": 9, "fields": {"action_time": "2017-04-20T18:36:17.710Z", "user": 2, "content_type": 3, "object_id": "5", "object_repr": "1 test CloudManager", "action_flag": 3, "change_message": ""}}, {"model": "admin.logentry", "pk": 10, "fields": {"action_time": "2017-04-20T18:36:17.720Z", "user": 2, "content_type": 3, "object_id": "6", "object_repr": "1 test CloudManager", "action_flag": 3, "change_message": ""}}, {"model": "admin.logentry", "pk": 11, "fields": {"action_time": "2017-04-20T19:16:42.501Z", "user": 2, "content_type": 3, "object_id": "7", "object_repr": "1 test CloudManager", "action_flag": 3, "change_message": ""}}, {"model": "admin.logentry", "pk": 12, "fields": {"action_time": "2017-04-21T05:39:26.128Z", "user": 2, "content_type": 3, "object_id": "4", "object_repr": "Date", "action_flag": 3, "change_message": ""}}, {"model": "admin.logentry", "pk": 13, "fields": {"action_time": "2017-04-21T05:39:26.132Z", "user": 2, "content_type": 3, "object_id": "8", "object_repr": "1 test CloudManager", "action_flag": 3, "change_message": ""}}, {"model": "admin.logentry", "pk": 14, "fields": {"action_time": "2017-04-21T05:39:26.135Z", "user": 2, "content_type": 3, "object_id": "9", "object_repr": "Default title", "action_flag": 3, "change_message": ""}}, {"model": "admin.logentry", "pk": 15, "fields": {"action_time": "2017-04-21T05:39:26.137Z", "user": 2, "content_type": 3, "object_id": "10", "object_repr": "Default title", "action_flag": 3, "change_message": ""}}, {"model": "admin.logentry", "pk": 16, "fields": {"action_time": "2017-04-21T06:06:09.813Z", "user": 2, "content_type": 3, "object_id": "11", "object_repr": "Default title", "action_flag": 3, "change_message": ""}}, {"model": "admin.logentry", "pk": 17, "fields": {"action_time": "2017-04-21T06:06:09.817Z", "user": 2, "content_type": 3, "object_id": "12", "object_repr": "Default title", "action_flag": 3, "change_message": ""}}, {"model": "admin.logentry", "pk": 18, "fields": {"action_time": "2017-04-21T06:06:09.820Z", "user": 2, "content_type": 3, "object_id": "13", "object_repr": "Default title", "action_flag": 3, "change_message": ""}}, {"model": "admin.logentry", "pk": 19, "fields": {"action_time": "2017-04-22T17:49:55.809Z", "user": 2, "content_type": 3, "object_id": "14", "object_repr": "Default title", "action_flag": 3, "change_message": ""}}, {"model": "admin.logentry", "pk": 20, "fields": {"action_time": "2017-04-22T17:49:55.820Z", "user": 2, "content_type": 3, "object_id": "15", "object_repr": "Default title", "action_flag": 3, "change_message": ""}}, {"model": "admin.logentry", "pk": 21, "fields": {"action_time": "2017-04-22T17:49:55.830Z", "user": 2, "content_type": 3, "object_id": "16", "object_repr": "Default title", "action_flag": 3, "change_message": ""}}, {"model": "admin.logentry", "pk": 22, "fields": {"action_time": "2017-04-22T17:49:55.832Z", "user": 2, "content_type": 3, "object_id": "17", "object_repr": "Default title", "action_flag": 3, "change_message": ""}}, {"model": "admin.logentry", "pk": 23, "fields": {"action_time": "2017-04-22T17:49:55.835Z", "user": 2, "content_type": 3, "object_id": "18", "object_repr": "Default title", "action_flag": 3, "change_message": ""}}, {"model": "admin.logentry", "pk": 24, "fields": {"action_time": "2017-04-22T17:49:55.842Z", "user": 2, "content_type": 3, "object_id": "19", "object_repr": "Default title", "action_flag": 3, "change_message": ""}}, {"model": "admin.logentry", "pk": 25, "fields": {"action_time": "2017-04-22T17:49:55.844Z", "user": 2, "content_type": 3, "object_id": "20", "object_repr": "Default title", "action_flag": 3, "change_message": ""}}, {"model": "admin.logentry", "pk": 26, "fields": {"action_time": "2017-04-22T17:49:55.846Z", "user": 2, "content_type": 3, "object_id": "21", "object_repr": "Default title", "action_flag": 3, "change_message": ""}}, {"model": "admin.logentry", "pk": 27, "fields": {"action_time": "2017-04-22T17:49:55.851Z", "user": 2, "content_type": 3, "object_id": "22", "object_repr": "Default title", "action_flag": 3, "change_message": ""}}, {"model": "admin.logentry", "pk": 28, "fields": {"action_time": "2017-04-22T17:49:55.856Z", "user": 2, "content_type": 3, "object_id": "23", "object_repr": "Default title", "action_flag": 3, "change_message": ""}}, {"model": "admin.logentry", "pk": 29, "fields": {"action_time": "2017-04-22T17:49:55.858Z", "user": 2, "content_type": 3, "object_id": "24", "object_repr": "Default title", "action_flag": 3, "change_message": ""}}, {"model": "admin.logentry", "pk": 30, "fields": {"action_time": "2017-04-22T17:49:55.860Z", "user": 2, "content_type": 3, "object_id": "25", "object_repr": "Default title", "action_flag": 3, "change_message": ""}}, {"model": "admin.logentry", "pk": 31, "fields": {"action_time": "2017-04-22T17:49:55.865Z", "user": 2, "content_type": 3, "object_id": "26", "object_repr": "Default title", "action_flag": 3, "change_message": ""}}, {"model": "admin.logentry", "pk": 32, "fields": {"action_time": "2017-04-22T17:49:55.867Z", "user": 2, "content_type": 3, "object_id": "27", "object_repr": "Default title", "action_flag": 3, "change_message": ""}}, {"model": "admin.logentry", "pk": 33, "fields": {"action_time": "2017-04-22T17:49:55.869Z", "user": 2, "content_type": 3, "object_id": "28", "object_repr": "Default title", "action_flag": 3, "change_message": ""}}, {"model": "admin.logentry", "pk": 34, "fields": {"action_time": "2017-04-22T17:49:55.871Z", "user": 2, "content_type": 3, "object_id": "29", "object_repr": "Default title", "action_flag": 3, "change_message": ""}}, {"model": "admin.logentry", "pk": 35, "fields": {"action_time": "2017-04-22T17:49:55.876Z", "user": 2, "content_type": 3, "object_id": "30", "object_repr": "Default title", "action_flag": 3, "change_message": ""}}, {"model": "admin.logentry", "pk": 36, "fields": {"action_time": "2017-04-22T18:20:33.193Z", "user": 2, "content_type": 3, "object_id": "31", "object_repr": "Default title", "action_flag": 3, "change_message": ""}}, {"model": "admin.logentry", "pk": 37, "fields": {"action_time": "2017-04-24T19:01:32.864Z", "user": 2, "content_type": 3, "object_id": "32", "object_repr": "Untitled recording", "action_flag": 3, "change_message": ""}}, {"model": "admin.logentry", "pk": 38, "fields": {"action_time": "2017-04-24T19:01:32.871Z", "user": 2, "content_type": 3, "object_id": "33", "object_repr": "Untitled recording", "action_flag": 3, "change_message": ""}}, {"model": "admin.logentry", "pk": 39, "fields": {"action_time": "2017-04-24T19:01:32.874Z", "user": 2, "content_type": 3, "object_id": "34", "object_repr": "Untitled recording", "action_flag": 3, "change_message": ""}}, {"model": "admin.logentry", "pk": 40, "fields": {"action_time": "2017-04-24T19:01:32.881Z", "user": 2, "content_type": 3, "object_id": "35", "object_repr": "Untitled recording", "action_flag": 3, "change_message": ""}}, {"model": "admin.logentry", "pk": 41, "fields": {"action_time": "2017-04-24T19:01:32.885Z", "user": 2, "content_type": 3, "object_id": "36", "object_repr": "Untitled recording", "action_flag": 3, "change_message": ""}}, {"model": "admin.logentry", "pk": 42, "fields": {"action_time": "2017-04-24T19:01:32.892Z", "user": 2, "content_type": 3, "object_id": "37", "object_repr": "Untitled recording", "action_flag": 3, "change_message": ""}}, {"model": "admin.logentry", "pk": 43, "fields": {"action_time": "2017-04-24T19:01:32.895Z", "user": 2, "content_type": 3, "object_id": "38", "object_repr": "Untitled recording", "action_flag": 3, "change_message": ""}}, {"model": "admin.logentry", "pk": 44, "fields": {"action_time": "2017-04-24T19:01:32.897Z", "user": 2, "content_type": 3, "object_id": "39", "object_repr": "Untitled recording", "action_flag": 3, "change_message": ""}}, {"model": "admin.logentry", "pk": 45, "fields": {"action_time": "2017-04-24T19:01:32.899Z", "user": 2, "content_type": 3, "object_id": "40", "object_repr": "Untitled recording", "action_flag": 3, "change_message": ""}}, {"model": "admin.logentry", "pk": 46, "fields": {"action_time": "2017-04-24T19:01:32.903Z", "user": 2, "content_type": 3, "object_id": "41", "object_repr": "Untitled recording", "action_flag": 3, "change_message": ""}}, {"model": "admin.logentry", "pk": 47, "fields": {"action_time": "2017-04-24T19:01:32.904Z", "user": 2, "content_type": 3, "object_id": "42", "object_repr": "Untitled recording", "action_flag": 3, "change_message": ""}}, {"model": "admin.logentry", "pk": 48, "fields": {"action_time": "2017-04-24T19:01:32.907Z", "user": 2, "content_type": 3, "object_id": "43", "object_repr": "Untitled recording", "action_flag": 3, "change_message": ""}}, {"model": "admin.logentry", "pk": 49, "fields": {"action_time": "2017-04-25T13:58:42.288Z", "user": 2, "content_type": 3, "object_id": "44", "object_repr": "Untitled recording", "action_flag": 3, "change_message": ""}}, {"model": "admin.logentry", "pk": 50, "fields": {"action_time": "2017-04-25T13:58:42.293Z", "user": 2, "content_type": 3, "object_id": "45", "object_repr": "Untitled recording", "action_flag": 3, "change_message": ""}}, {"model": "admin.logentry", "pk": 51, "fields": {"action_time": "2017-04-25T13:58:42.295Z", "user": 2, "content_type": 3, "object_id": "46", "object_repr": "Untitled recording", "action_flag": 3, "change_message": ""}}, {"model": "admin.logentry", "pk": 52, "fields": {"action_time": "2017-04-25T14:05:38.158Z", "user": 2, "content_type": 1, "object_id": "3", "object_repr": "Daniela Loreti", "action_flag": 1, "change_message": "[{\"added\": {}}]"}}, {"model": "admin.logentry", "pk": 53, "fields": {"action_time": "2017-04-25T14:05:45.589Z", "user": 2, "content_type": 2, "object_id": "3", "object_repr": "Laboratorio", "action_flag": 2, "change_message": "[{\"changed\": {\"fields\": [\"name\", \"teacher\", \"parent_course\"]}}]"}}, {"model": "admin.logentry", "pk": 54, "fields": {"action_time": "2017-04-25T14:15:50.091Z", "user": 2, "content_type": 2, "object_id": "3", "object_repr": "Laboratorio", "action_flag": 2, "change_message": "[]"}}, {"model": "admin.logentry", "pk": 55, "fields": {"action_time": "2017-04-25T16:10:00.765Z", "user": 2, "content_type": 3, "object_id": "47", "object_repr": "Untitled recording", "action_flag": 3, "change_message": ""}}, {"model": "admin.logentry", "pk": 56, "fields": {"action_time": "2017-04-25T16:10:00.776Z", "user": 2, "content_type": 3, "object_id": "48", "object_repr": "Date", "action_flag": 3, "change_message": ""}}, {"model": "admin.logentry", "pk": 57, "fields": {"action_time": "2017-04-25T16:12:27.103Z", "user": 2, "content_type": 3, "object_id": "49", "object_repr": "Untitled recording", "action_flag": 3, "change_message": ""}}, {"model": "admin.logentry", "pk": 58, "fields": {"action_time": "2017-04-25T16:14:16.513Z", "user": 2, "content_type": 3, "object_id": "50", "object_repr": "Untitled recording", "action_flag": 3, "change_message": ""}}, {"model": "admin.logentry", "pk": 59, "fields": {"action_time": "2017-04-25T16:47:27.449Z", "user": 2, "content_type": 3, "object_id": "51", "object_repr": "Postman", "action_flag": 3, "change_message": ""}}, {"model": "admin.logentry", "pk": 60, "fields": {"action_time": "2017-04-25T18:09:33.311Z", "user": 2, "content_type": 4, "object_id": "1", "object_repr": "raw_upload/output16filter4.mp3", "action_flag": 3, "change_message": ""}}, {"model": "admin.logentry", "pk": 61, "fields": {"action_time": "2017-04-25T18:09:45.526Z", "user": 2, "content_type": 4, "object_id": "2", "object_repr": "raw_upload/5d1c512b-3142-488b-a7aa-e6f5edf1f7a0.mp3", "action_flag": 1, "change_message": "[{\"added\": {}}]"}}, {"model": "admin.logentry", "pk": 62, "fields": {"action_time": "2017-04-25T18:09:52.668Z", "user": 2, "content_type": 4, "object_id": "3", "object_repr": "raw_upload/a089e654-c5dd-4e4c-acac-9e615beccce9.mp3", "action_flag": 1, "change_message": "[{\"added\": {}}]"}}, {"model": "admin.logentry", "pk": 63, "fields": {"action_time": "2017-04-25T18:10:00.498Z", "user": 2, "content_type": 4, "object_id": "4", "object_repr": "raw_upload/fb8fbdb6-2eb7-49fd-b0f1-da707d359b72.mp3", "action_flag": 1, "change_message": "[{\"added\": {}}]"}}, {"model": "admin.logentry", "pk": 64, "fields": {"action_time": "2017-04-26T06:50:25.969Z", "user": 2, "content_type": 2, "object_id": "4", "object_repr": "prova postman", "action_flag": 3, "change_message": ""}}, {"model": "admin.logentry", "pk": 65, "fields": {"action_time": "2017-04-27T19:47:57.378Z", "user": 2, "content_type": 21, "object_id": "1", "object_repr": "Profile object", "action_flag": 1, "change_message": "[{\"added\": {}}]"}}, {"model": "admin.logentry", "pk": 66, "fields": {"action_time": "2017-04-27T19:48:04.214Z", "user": 2, "content_type": 21, "object_id": "2", "object_repr": "Profile object", "action_flag": 1, "change_message": "[{\"added\": {}}]"}}, {"model": "admin.logentry", "pk": 67, "fields": {"action_time": "2017-04-28T19:17:55.738Z", "user": 2, "content_type": 3, "object_id": "52", "object_repr": "Untitled recording", "action_flag": 3, "change_message": ""}}, {"model": "admin.logentry", "pk": 68, "fields": {"action_time": "2017-04-28T19:17:55.762Z", "user": 2, "content_type": 3, "object_id": "53", "object_repr": "Untitled recording", "action_flag": 3, "change_message": ""}}, {"model": "admin.logentry", "pk": 69, "fields": {"action_time": "2017-04-28T19:21:17.686Z", "user": 2, "content_type": 3, "object_id": "54", "object_repr": "Untitled recording", "action_flag": 3, "change_message": ""}}, {"model": "admin.logentry", "pk": 70, "fields": {"action_time": "2017-04-28T19:22:07.810Z", "user": 2, "content_type": 3, "object_id": "56", "object_repr": "Untitled recording", "action_flag": 3, "change_message": ""}}, {"model": "admin.logentry", "pk": 71, "fields": {"action_time": "2017-04-28T19:27:06.904Z", "user": 2, "content_type": 3, "object_id": "55", "object_repr": "Untitled recording", "action_flag": 3, "change_message": ""}}, {"model": "admin.logentry", "pk": 72, "fields": {"action_time": "2017-04-28T19:53:19.752Z", "user": 2, "content_type": 3, "object_id": "57", "object_repr": "Untitled recording", "action_flag": 3, "change_message": ""}}, {"model": "admin.logentry", "pk": 73, "fields": {"action_time": "2017-04-28T19:53:19.759Z", "user": 2, "content_type": 3, "object_id": "58", "object_repr": "Untitled recording", "action_flag": 3, "change_message": ""}}, {"model": "admin.logentry", "pk": 74, "fields": {"action_time": "2017-04-28T19:53:19.761Z", "user": 2, "content_type": 3, "object_id": "59", "object_repr": "Untitled recording", "action_flag": 3, "change_message": ""}}, {"model": "admin.logentry", "pk": 75, "fields": {"action_time": "2017-04-28T19:53:19.765Z", "user": 2, "content_type": 3, "object_id": "60", "object_repr": "Untitled recording", "action_flag": 3, "change_message": ""}}, {"model": "admin.logentry", "pk": 76, "fields": {"action_time": "2017-04-28T19:53:19.769Z", "user": 2, "content_type": 3, "object_id": "61", "object_repr": "Untitled recording", "action_flag": 3, "change_message": ""}}, {"model": "admin.logentry", "pk": 77, "fields": {"action_time": "2017-04-28T19:53:19.772Z", "user": 2, "content_type": 3, "object_id": "62", "object_repr": "Untitled recording", "action_flag": 3, "change_message": ""}}, {"model": "admin.logentry", "pk": 78, "fields": {"action_time": "2017-04-28T19:53:19.775Z", "user": 2, "content_type": 3, "object_id": "63", "object_repr": "Untitled recording", "action_flag": 3, "change_message": ""}}, {"model": "admin.logentry", "pk": 79, "fields": {"action_time": "2017-04-28T19:53:19.778Z", "user": 2, "content_type": 3, "object_id": "64", "object_repr": "Untitled recording", "action_flag": 3, "change_message": ""}}, {"model": "admin.logentry", "pk": 80, "fields": {"action_time": "2017-04-28T19:53:19.783Z", "user": 2, "content_type": 3, "object_id": "65", "object_repr": "Untitled recording", "action_flag": 3, "change_message": ""}}, {"model": "admin.logentry", "pk": 81, "fields": {"action_time": "2017-04-28T20:58:56.082Z", "user": 2, "content_type": 3, "object_id": "66", "object_repr": "Untitled recording", "action_flag": 3, "change_message": ""}}, {"model": "admin.logentry", "pk": 82, "fields": {"action_time": "2017-04-28T20:58:56.088Z", "user": 2, "content_type": 3, "object_id": "67", "object_repr": "prova titolo", "action_flag": 3, "change_message": ""}}, {"model": "admin.logentry", "pk": 83, "fields": {"action_time": "2017-04-28T20:58:56.091Z", "user": 2, "content_type": 3, "object_id": "68", "object_repr": "Untitled", "action_flag": 3, "change_message": ""}}, {"model": "admin.logentry", "pk": 84, "fields": {"action_time": "2017-04-28T21:47:10.872Z", "user": 2, "content_type": 2, "object_id": "7", "object_repr": "Sistemi Operativi 1", "action_flag": 1, "change_message": "[{\"added\": {}}]"}}, {"model": "admin.logentry", "pk": 85, "fields": {"action_time": "2017-04-28T21:47:23.428Z", "user": 2, "content_type": 2, "object_id": "8", "object_repr": "Sistemi Operativi 2", "action_flag": 1, "change_message": "[{\"added\": {}}]"}}, {"model": "admin.logentry", "pk": 86, "fields": {"action_time": "2017-04-29T17:04:14.492Z", "user": 2, "content_type": 3, "object_id": "69", "object_repr": "Untitled", "action_flag": 3, "change_message": ""}}, {"model": "admin.logentry", "pk": 87, "fields": {"action_time": "2017-04-29T17:04:14.501Z", "user": 2, "content_type": 3, "object_id": "70", "object_repr": "Gestione della memoria", "action_flag": 3, "change_message": ""}}, {"model": "admin.logentry", "pk": 88, "fields": {"action_time": "2017-04-29T17:04:14.507Z", "user": 2, "content_type": 3, "object_id": "71", "object_repr": "Scheduling", "action_flag": 3, "change_message": ""}}, {"model": "admin.logentry", "pk": 89, "fields": {"action_time": "2017-04-29T17:04:14.509Z", "user": 2, "content_type": 3, "object_id": "72", "object_repr": "ciao", "action_flag": 3, "change_message": ""}}, {"model": "admin.logentry", "pk": 90, "fields": {"action_time": "2017-04-29T17:04:14.511Z", "user": 2, "content_type": 3, "object_id": "73", "object_repr": "ok", "action_flag": 3, "change_message": ""}}, {"model": "admin.logentry", "pk": 91, "fields": {"action_time": "2017-04-29T17:04:14.512Z", "user": 2, "content_type": 3, "object_id": "74", "object_repr": "root", "action_flag": 3, "change_message": ""}}, {"model": "admin.logentry", "pk": 92, "fields": {"action_time": "2017-04-29T17:04:14.518Z", "user": 2, "content_type": 3, "object_id": "75", "object_repr": "cazzo", "action_flag": 3, "change_message": ""}}, {"model": "admin.logentry", "pk": 93, "fields": {"action_time": "2017-05-03T19:38:52.452Z", "user": 2, "content_type": 3, "object_id": "76", "object_repr": "Prova registrazione", "action_flag": 3, "change_message": ""}}, {"model": "admin.logentry", "pk": 94, "fields": {"action_time": "2017-05-04T10:29:34.456Z", "user": 2, "content_type": 3, "object_id": "77", "object_repr": "Prova registrazione 2", "action_flag": 3, "change_message": ""}}, {"model": "admin.logentry", "pk": 95, "fields": {"action_time": "2017-05-04T10:29:34.466Z", "user": 2, "content_type": 3, "object_id": "78", "object_repr": "Prova registrazione 3", "action_flag": 3, "change_message": ""}}, {"model": "admin.logentry", "pk": 96, "fields": {"action_time": "2017-05-04T10:29:34.468Z", "user": 2, "content_type": 3, "object_id": "79", "object_repr": "1493844270763", "action_flag": 3, "change_message": ""}}, {"model": "admin.logentry", "pk": 97, "fields": {"action_time": "2017-05-04T10:29:34.474Z", "user": 2, "content_type": 3, "object_id": "80", "object_repr": "Fake null", "action_flag": 3, "change_message": ""}}, {"model": "admin.logentry", "pk": 98, "fields": {"action_time": "2017-05-04T10:29:34.477Z", "user": 2, "content_type": 3, "object_id": "81", "object_repr": "Prova storage", "action_flag": 3, "change_message": ""}}, {"model": "admin.logentry", "pk": 99, "fields": {"action_time": "2017-05-04T10:29:34.484Z", "user": 2, "content_type": 3, "object_id": "82", "object_repr": "Registrazione senza titolo", "action_flag": 3, "change_message": ""}}, {"model": "admin.logentry", "pk": 100, "fields": {"action_time": "2017-05-04T10:34:26.694Z", "user": 2, "content_type": 3, "object_id": "83", "object_repr": "Prova pins", "action_flag": 3, "change_message": ""}}, {"model": "admin.logentry", "pk": 101, "fields": {"action_time": "2017-05-04T10:34:26.701Z", "user": 2, "content_type": 3, "object_id": "84", "object_repr": "Registrazione senza titolo", "action_flag": 3, "change_message": ""}}, {"model": "oauth2_provider.refreshtoken", "pk": 1, "fields": {"user": 1, "token": "JYZyCPdTaWI1907o7rn8ds8VjT64A3", "application": 1, "access_token": 1}}, {"model": "oauth2_provider.refreshtoken", "pk": 2, "fields": {"user": 2, "token": "crHF2DZl4BXoTt5E2QbxMpbIKM2cXM", "application": 1, "access_token": 2}}, {"model": "oauth2_provider.refreshtoken", "pk": 3, "fields": {"user": 2, "token": "R834cXKCIcaEMftkpc70Zh97kx9bMm", "application": 1, "access_token": 3}}, {"model": "oauth2_provider.refreshtoken", "pk": 4, "fields": {"user": 2, "token": "LH9aOhnTQZH9SzlfychzFAiyJSgCPN", "application": 1, "access_token": 4}}, {"model": "oauth2_provider.refreshtoken", "pk": 5, "fields": {"user": 2, "token": "cQeSF0HM5zlCkvSCVsUuZeSucnq1oh", "application": 1, "access_token": 5}}, {"model": "oauth2_provider.refreshtoken", "pk": 6, "fields": {"user": 2, "token": "hQK5RZcvy3ugZP9xnlasiYGmbZMqvq", "application": 1, "access_token": 6}}, {"model": "oauth2_provider.refreshtoken", "pk": 7, "fields": {"user": 2, "token": "E79fXI1swCiRK4vh5uGlgygKjnsfLO", "application": 1, "access_token": 7}}, {"model": "oauth2_provider.refreshtoken", "pk": 8, "fields": {"user": 2, "token": "cevw5WmbEX4TzthltWkICzC7a16Tzz", "application": 1, "access_token": 8}}, {"model": "oauth2_provider.refreshtoken", "pk": 9, "fields": {"user": 2, "token": "7fDNXL2gLRP8fGaUzSpAc2wkGe8ruk", "application": 1, "access_token": 9}}, {"model": "oauth2_provider.refreshtoken", "pk": 10, "fields": {"user": 2, "token": "oLti6du8zkYse2Gn3aQICYWu7ghvYB", "application": 1, "access_token": 10}}, {"model": "oauth2_provider.refreshtoken", "pk": 11, "fields": {"user": 2, "token": "kd3BKNGIXho9K7UO4NRcHj9V71Lh8q", "application": 1, "access_token": 11}}, {"model": "oauth2_provider.refreshtoken", "pk": 12, "fields": {"user": 2, "token": "GttWvs0WeC16gONVZiJeJL0fesmeKn", "application": 1, "access_token": 12}}, {"model": "oauth2_provider.refreshtoken", "pk": 13, "fields": {"user": 2, "token": "9xM8tCRBnvvqOpW69u6Rz9Wz0RfT8h", "application": 1, "access_token": 13}}, {"model": "oauth2_provider.refreshtoken", "pk": 14, "fields": {"user": 2, "token": "V3NJHoOrmTZoUSUb0MPnhXrfwJh5yh", "application": 1, "access_token": 14}}, {"model": "oauth2_provider.refreshtoken", "pk": 15, "fields": {"user": 2, "token": "n76bEkOZaHzdKDvwhXNFEkNZOcHEVc", "application": 1, "access_token": 15}}, {"model": "oauth2_provider.refreshtoken", "pk": 16, "fields": {"user": 2, "token": "PylM0tRDIimWHdzMaTNMrWvrC4dQxb", "application": 1, "access_token": 16}}, {"model": "oauth2_provider.refreshtoken", "pk": 17, "fields": {"user": 2, "token": "btIwKoCgxyZCogiIK6Hh4o2UPBdmyC", "application": 1, "access_token": 17}}, {"model": "oauth2_provider.refreshtoken", "pk": 18, "fields": {"user": 2, "token": "l5ofVbqKHKVCcnbomX8KJtUt0GEj7Q", "application": 1, "access_token": 18}}, {"model": "oauth2_provider.refreshtoken", "pk": 19, "fields": {"user": 2, "token": "m17kws1SemHThekeuMx1IjyjhrhbE9", "application": 1, "access_token": 19}}, {"model": "oauth2_provider.refreshtoken", "pk": 20, "fields": {"user": 2, "token": "DWpOGY5KEALubY4ajeQeRackvqHINR", "application": 1, "access_token": 20}}, {"model": "oauth2_provider.refreshtoken", "pk": 21, "fields": {"user": 2, "token": "ZsBNq1v2UiauqLgxYiD2YsaTEeeEnz", "application": 1, "access_token": 21}}, {"model": "oauth2_provider.refreshtoken", "pk": 23, "fields": {"user": 2, "token": "SGF5ZBMS95mNx8SVFfSouC4nkwNhWV", "application": 1, "access_token": 23}}, {"model": "oauth2_provider.refreshtoken", "pk": 24, "fields": {"user": 2, "token": "Yub96MeQVv9INvH2mQ0VOOkNPcjlwl", "application": 1, "access_token": 24}}, {"model": "oauth2_provider.refreshtoken", "pk": 25, "fields": {"user": 1, "token": "3YG816CzjOG0mzqLZTzquGjLcsmCum", "application": 1, "access_token": 25}}, {"model": "oauth2_provider.refreshtoken", "pk": 26, "fields": {"user": 1, "token": "fkxEKXUBjPdRUy04hcO9z7dcZKOXgo", "application": 1, "access_token": 26}}, {"model": "oauth2_provider.refreshtoken", "pk": 27, "fields": {"user": 1, "token": "FUL84cH0FOJgrOo7f5FFTPll2WOjZE", "application": 1, "access_token": 27}}, {"model": "oauth2_provider.refreshtoken", "pk": 28, "fields": {"user": 1, "token": "FRm6LltC0o3b2wKugQNrQqRi5C1ZYN", "application": 1, "access_token": 28}}, {"model": "oauth2_provider.refreshtoken", "pk": 30, "fields": {"user": 1, "token": "2D4PASJDye9Eq4HVpelQd1FTpsCBao", "application": 1, "access_token": 30}}, {"model": "oauth2_provider.refreshtoken", "pk": 31, "fields": {"user": 1, "token": "S3LmzTD8svmhJibljOkEje9b38usDn", "application": 1, "access_token": 31}}, {"model": "oauth2_provider.refreshtoken", "pk": 34, "fields": {"user": 1, "token": "zfq3PaBdTt5VRkyIXba2z3r21HIkXV", "application": 1, "access_token": 34}}, {"model": "oauth2_provider.refreshtoken", "pk": 35, "fields": {"user": 2, "token": "ty3qdZebeoehFj9xeL9bRf3pRpvO9x", "application": 1, "access_token": 35}}, {"model": "oauth2_provider.refreshtoken", "pk": 36, "fields": {"user": 2, "token": "d5BwLnEpRWG1nygXMCJkxn17TGyQQt", "application": 1, "access_token": 36}}, {"model": "oauth2_provider.refreshtoken", "pk": 37, "fields": {"user": 2, "token": "yxYvZCh9Wz1yRT4ep3nAWNbo8i5l76", "application": 1, "access_token": 37}}, {"model": "oauth2_provider.refreshtoken", "pk": 42, "fields": {"user": 2, "token": "DMiC1cORv7x4Jc1o6eBEh8sNgKm7Hq", "application": 1, "access_token": 42}}, {"model": "oauth2_provider.refreshtoken", "pk": 44, "fields": {"user": 2, "token": "aP5B5Ele9A28ciBFFoWS4yfCWXR06b", "application": 1, "access_token": 44}}, {"model": "oauth2_provider.refreshtoken", "pk": 45, "fields": {"user": 2, "token": "nCgs44tbf7fvNqLjDOS7X1rNuze7AS", "application": 1, "access_token": 45}}, {"model": "oauth2_provider.refreshtoken", "pk": 46, "fields": {"user": 1, "token": "g9oMbRiTzJDnyPxTspFZCokpDNX0xT", "application": 1, "access_token": 46}}, {"model": "oauth2_provider.refreshtoken", "pk": 47, "fields": {"user": 1, "token": "z6zt707xrDcbi0wKoVik5rNMcLGtzJ", "application": 1, "access_token": 47}}, {"model": "oauth2_provider.refreshtoken", "pk": 48, "fields": {"user": 2, "token": "jFpjIAweigvxMe1aWCRia6YcI8hTPO", "application": 1, "access_token": 48}}, {"model": "oauth2_provider.refreshtoken", "pk": 49, "fields": {"user": 2, "token": "HuiuhBZShHcMUismVLE5PgLE58h8NA", "application": 1, "access_token": 49}}, {"model": "oauth2_provider.refreshtoken", "pk": 50, "fields": {"user": 2, "token": "T80xQmjuvSDc1F5yUIJLypObhpfoSM", "application": 1, "access_token": 50}}, {"model": "oauth2_provider.refreshtoken", "pk": 51, "fields": {"user": 2, "token": "0oaPE42XsRRX9Rzn8rd6nxAyHdj3D6", "application": 1, "access_token": 51}}, {"model": "oauth2_provider.refreshtoken", "pk": 52, "fields": {"user": 2, "token": "icvFJ5wKsZyzG9ouAnNP6fU0yMxFGs", "application": 1, "access_token": 52}}, {"model": "oauth2_provider.refreshtoken", "pk": 53, "fields": {"user": 2, "token": "oYYOe6NdOSwlwT28gLocUvXeQB3fPq", "application": 1, "access_token": 53}}, {"model": "oauth2_provider.refreshtoken", "pk": 54, "fields": {"user": 2, "token": "gLQ2iDgDoeG90Mm13Ypa5KEHbIy0Cl", "application": 1, "access_token": 54}}, {"model": "oauth2_provider.refreshtoken", "pk": 55, "fields": {"user": 1, "token": "pjLr9oCB8QcCJJACqVzmaVHZAkxdNC", "application": 1, "access_token": 55}}, {"model": "oauth2_provider.refreshtoken", "pk": 56, "fields": {"user": 1, "token": "Y8m7nq4E89X05Qtjotz3KIPE78zVL0", "application": 1, "access_token": 56}}, {"model": "oauth2_provider.refreshtoken", "pk": 57, "fields": {"user": 1, "token": "X5FqisytTjSAAQfNMfNlL3gwrqtgiP", "application": 1, "access_token": 57}}, {"model": "oauth2_provider.refreshtoken", "pk": 58, "fields": {"user": 1, "token": "Ag4PExGhxRI6QnDDjwQoGpUa2STfVc", "application": 1, "access_token": 58}}, {"model": "oauth2_provider.refreshtoken", "pk": 59, "fields": {"user": 2, "token": "QNjm3EFHZTGka48QwgzhhZBMSAlWjy", "application": 1, "access_token": 59}}, {"model": "oauth2_provider.refreshtoken", "pk": 60, "fields": {"user": 2, "token": "5Vidr7HhJxFdU0MrX8Zu75Deuvqr1h", "application": 1, "access_token": 60}}, {"model": "oauth2_provider.refreshtoken", "pk": 61, "fields": {"user": 2, "token": "hetjrPbINXLBJ7ASHTyst7eR2k9bjK", "application": 1, "access_token": 61}}, {"model": "oauth2_provider.refreshtoken", "pk": 62, "fields": {"user": 2, "token": "u8q1X2cudXjwqccXHPS2c2AW01Sjj0", "application": 1, "access_token": 62}}, {"model": "oauth2_provider.refreshtoken", "pk": 63, "fields": {"user": 2, "token": "dytGCOgT3xkOHNeFQj8AdoGhvZ0pIM", "application": 1, "access_token": 63}}, {"model": "oauth2_provider.refreshtoken", "pk": 64, "fields": {"user": 2, "token": "ihB3ph6zakXgjb2vCMLhq489eDFcTk", "application": 1, "access_token": 64}}, {"model": "oauth2_provider.refreshtoken", "pk": 65, "fields": {"user": 2, "token": "UoEeYnY7rtw3KtYeGvjc4JxcerC83e", "application": 1, "access_token": 65}}, {"model": "oauth2_provider.refreshtoken", "pk": 66, "fields": {"user": 1, "token": "hJldEcNBgkaanFWMlnAti27mnyOfAV", "application": 1, "access_token": 66}}, {"model": "oauth2_provider.refreshtoken", "pk": 67, "fields": {"user": 1, "token": "7N0O1XhSU6qFrZ2jhcOZrKQewTgOjJ", "application": 1, "access_token": 67}}, {"model": "oauth2_provider.refreshtoken", "pk": 68, "fields": {"user": 1, "token": "l10wFENo0kq30EOoRMzHF3Uqq2WpdV", "application": 1, "access_token": 68}}, {"model": "oauth2_provider.refreshtoken", "pk": 69, "fields": {"user": 1, "token": "alAZvgZiph1Z0fxAfW5IldAUab0Tki", "application": 1, "access_token": 69}}, {"model": "oauth2_provider.refreshtoken", "pk": 70, "fields": {"user": 1, "token": "9DdMn2yOYXU6RyefzWiA6HHBI1CeKU", "application": 1, "access_token": 70}}, {"model": "oauth2_provider.refreshtoken", "pk": 71, "fields": {"user": 1, "token": "mCNtxE3CSk8xUnJIDzA3qpsbqw0VG2", "application": 1, "access_token": 71}}, {"model": "oauth2_provider.refreshtoken", "pk": 72, "fields": {"user": 1, "token": "BOqFLx5dqayUG06NTq4t7EDqMC1U1P", "application": 1, "access_token": 72}}, {"model": "oauth2_provider.refreshtoken", "pk": 73, "fields": {"user": 1, "token": "sZqJfzhalSQBtOt5jvZTm3h7XS6REa", "application": 1, "access_token": 73}}, {"model": "oauth2_provider.refreshtoken", "pk": 74, "fields": {"user": 1, "token": "SrUUOOh1lECBb8kua2lssOKslCPUEV", "application": 1, "access_token": 74}}, {"model": "oauth2_provider.refreshtoken", "pk": 75, "fields": {"user": 1, "token": "GVuTeKMqYhMDIS9RxuZB2PY4bJjVET", "application": 1, "access_token": 75}}, {"model": "oauth2_provider.refreshtoken", "pk": 76, "fields": {"user": 1, "token": "C5NwQRvVOArft4Hx7Rs0tT1Mlqma0T", "application": 1, "access_token": 76}}, {"model": "oauth2_provider.refreshtoken", "pk": 77, "fields": {"user": 1, "token": "Vo0xug0VWldfF59OpkRJi9DanJTs9e", "application": 1, "access_token": 77}}, {"model": "oauth2_provider.refreshtoken", "pk": 78, "fields": {"user": 1, "token": "1Ct5HxjPiKA51a6t9b2YFun1PSPkdo", "application": 1, "access_token": 78}}, {"model": "oauth2_provider.refreshtoken", "pk": 79, "fields": {"user": 1, "token": "yHbJ8cFOCYIfwn916zcfimwHhDZjNZ", "application": 1, "access_token": 79}}, {"model": "oauth2_provider.refreshtoken", "pk": 80, "fields": {"user": 1, "token": "9EqIRvWyzOxcGYvmCrnSzzqEOEZLyI", "application": 1, "access_token": 80}}, {"model": "oauth2_provider.refreshtoken", "pk": 81, "fields": {"user": 1, "token": "eYlK54CPJHmYHK1G09BQOodr5PStyv", "application": 1, "access_token": 81}}, {"model": "oauth2_provider.refreshtoken", "pk": 82, "fields": {"user": 1, "token": "iK2PSkkHQJgiRA36dTN6XXkl05o7lC", "application": 1, "access_token": 82}}, {"model": "oauth2_provider.refreshtoken", "pk": 83, "fields": {"user": 1, "token": "bOpDycUaZxkv0ssoVBlULIleP5dyiw", "application": 1, "access_token": 83}}, {"model": "oauth2_provider.refreshtoken", "pk": 84, "fields": {"user": 1, "token": "qiCH4TDE5beF2qRlB2LDNKxzBrQFOM", "application": 1, "access_token": 84}}, {"model": "oauth2_provider.refreshtoken", "pk": 85, "fields": {"user": 1, "token": "Y1thW5XIqYcaeV5kr8NlQ7aYOb28je", "application": 1, "access_token": 85}}, {"model": "oauth2_provider.refreshtoken", "pk": 86, "fields": {"user": 1, "token": "VyLvOHYs1zZLcZGMKGrePeWy3QoCAl", "application": 1, "access_token": 86}}, {"model": "oauth2_provider.refreshtoken", "pk": 87, "fields": {"user": 1, "token": "owpJoQ94qy5Pf6hyOcIhkhzDwowEyi", "application": 1, "access_token": 87}}, {"model": "oauth2_provider.refreshtoken", "pk": 88, "fields": {"user": 2, "token": "Bh2wTZ8YS1xQzKNCS8LwdXjMmRjyff", "application": 1, "access_token": 88}}, {"model": "oauth2_provider.refreshtoken", "pk": 89, "fields": {"user": 2, "token": "5PZj0eHSVIFmg66hKXtpHyaBfa8UzA", "application": 1, "access_token": 89}}, {"model": "oauth2_provider.refreshtoken", "pk": 90, "fields": {"user": 2, "token": "89LaYYRDugRzMpfpGrABCsrqUrofHc", "application": 1, "access_token": 90}}, {"model": "oauth2_provider.refreshtoken", "pk": 91, "fields": {"user": 2, "token": "jzpV0Sb7FwQa9nLpm3nBLMGcVTSaPZ", "application": 1, "access_token": 91}}, {"model": "oauth2_provider.refreshtoken", "pk": 92, "fields": {"user": 2, "token": "pSl148NF3dteAlYM2GcTa0nsxnmfG3", "application": 1, "access_token": 92}}, {"model": "oauth2_provider.refreshtoken", "pk": 93, "fields": {"user": 2, "token": "Ynf44BoQ9nU3Cs1vqoiU9eTlvJRVWm", "application": 1, "access_token": 93}}, {"model": "oauth2_provider.refreshtoken", "pk": 94, "fields": {"user": 2, "token": "0h1eyWvVqpp6sNzjXfba0HX4gvDpS9", "application": 1, "access_token": 94}}, {"model": "oauth2_provider.refreshtoken", "pk": 95, "fields": {"user": 2, "token": "kHkKh549n1nveBWF8Fdk3Fn3h4AgB1", "application": 1, "access_token": 95}}, {"model": "oauth2_provider.refreshtoken", "pk": 96, "fields": {"user": 2, "token": "Zw41KzKNi24wRyV64rultgzeUrmrx5", "application": 1, "access_token": 96}}, {"model": "oauth2_provider.refreshtoken", "pk": 97, "fields": {"user": 2, "token": "xuuS3E6ThHvsdzW7DEpp8ykIQMQk71", "application": 1, "access_token": 97}}, {"model": "oauth2_provider.refreshtoken", "pk": 98, "fields": {"user": 2, "token": "r5F56yXlcaPc8h23rhD117R7Lp5Yfh", "application": 1, "access_token": 98}}, {"model": "oauth2_provider.refreshtoken", "pk": 99, "fields": {"user": 2, "token": "9d4eVSOQLIG7OtMOJXhjQkuI4CNT2H", "application": 1, "access_token": 99}}, {"model": "oauth2_provider.refreshtoken", "pk": 100, "fields": {"user": 2, "token": "9zCQbXkQECTJ7hazKx4py0CSFEbkIe", "application": 1, "access_token": 100}}, {"model": "oauth2_provider.refreshtoken", "pk": 101, "fields": {"user": 2, "token": "RKpBa9LODa2t7iFjUTXl1iw5SufT8H", "application": 1, "access_token": 101}}, {"model": "oauth2_provider.refreshtoken", "pk": 102, "fields": {"user": 2, "token": "nWRFcRCs2pYGNVu9OVclHotSXjluj9", "application": 1, "access_token": 102}}, {"model": "oauth2_provider.refreshtoken", "pk": 103, "fields": {"user": 2, "token": "IiAyFEQnyeOyX2VknxJj03BhYMH2Yk", "application": 1, "access_token": 103}}, {"model": "oauth2_provider.refreshtoken", "pk": 104, "fields": {"user": 2, "token": "PoF5KQj8QBevFau28JVuQR56EETxYV", "application": 1, "access_token": 104}}, {"model": "oauth2_provider.refreshtoken", "pk": 105, "fields": {"user": 2, "token": "qbrLPjA9R6JCocl3MbSxZIgHTVLRSg", "application": 1, "access_token": 105}}, {"model": "oauth2_provider.refreshtoken", "pk": 106, "fields": {"user": 2, "token": "I4khdnOKubC8BOR5k5E1RIectcdqGl", "application": 1, "access_token": 106}}, {"model": "oauth2_provider.refreshtoken", "pk": 107, "fields": {"user": 2, "token": "eptI6TfNoDXXnujhUFwXUOFonFLvx9", "application": 1, "access_token": 107}}, {"model": "oauth2_provider.refreshtoken", "pk": 108, "fields": {"user": 2, "token": "8weRkwFXuMuMOGr4qHoJYsAz6FjIET", "application": 1, "access_token": 108}}, {"model": "oauth2_provider.refreshtoken", "pk": 109, "fields": {"user": 2, "token": "6VaGuIiBasQQKC8rFs7DJV3AkSS7M3", "application": 1, "access_token": 109}}, {"model": "oauth2_provider.refreshtoken", "pk": 110, "fields": {"user": 2, "token": "8BUfy1IYxCoAI2r57WqhVDLBlFg1oX", "application": 1, "access_token": 110}}, {"model": "oauth2_provider.refreshtoken", "pk": 111, "fields": {"user": 2, "token": "gZ2AASxd51UFRfWoDMAjoF2RtZhTc5", "application": 1, "access_token": 111}}, {"model": "oauth2_provider.refreshtoken", "pk": 112, "fields": {"user": 2, "token": "BbvYdlSb8SP0QAN2BGTNmrlsEudDmz", "application": 1, "access_token": 112}}, {"model": "oauth2_provider.refreshtoken", "pk": 113, "fields": {"user": 2, "token": "pzhHFRq9KCwgRGgTQGht1QVEs4pv5k", "application": 1, "access_token": 113}}, {"model": "oauth2_provider.refreshtoken", "pk": 114, "fields": {"user": 2, "token": "CzGKcytss4Crw06pNIHBUh1jwfSm0i", "application": 1, "access_token": 114}}, {"model": "oauth2_provider.refreshtoken", "pk": 115, "fields": {"user": 2, "token": "23CKrMeoTs7yAPQe2TzK3w75kNXXyh", "application": 1, "access_token": 115}}, {"model": "oauth2_provider.refreshtoken", "pk": 116, "fields": {"user": 2, "token": "Oa6GN8le0xY9P4QQ0BYKnyGcjkEWmP", "application": 1, "access_token": 116}}, {"model": "oauth2_provider.refreshtoken", "pk": 117, "fields": {"user": 2, "token": "2SywrNizLi3UVzokOthLFzdUabmuDf", "application": 1, "access_token": 117}}, {"model": "oauth2_provider.refreshtoken", "pk": 118, "fields": {"user": 2, "token": "elXyojtFngZCpJDHT2n3P8HqGkN7Aw", "application": 1, "access_token": 118}}, {"model": "oauth2_provider.refreshtoken", "pk": 119, "fields": {"user": 2, "token": "btCNJuWfyZYvkFMxeGoGISzN4u3hdn", "application": 1, "access_token": 119}}, {"model": "oauth2_provider.refreshtoken", "pk": 120, "fields": {"user": 2, "token": "uPYbtMJldiWWB55J8pXRxfmnXwL2oM", "application": 1, "access_token": 120}}, {"model": "oauth2_provider.refreshtoken", "pk": 121, "fields": {"user": 2, "token": "OaoSUn4ZysyZ7ljxVFTvzVzvLGqbUz", "application": 1, "access_token": 121}}, {"model": "oauth2_provider.refreshtoken", "pk": 122, "fields": {"user": 2, "token": "elmcIelMpbtRxuQRyRXImSYomh6DAV", "application": 1, "access_token": 122}}, {"model": "oauth2_provider.refreshtoken", "pk": 123, "fields": {"user": 2, "token": "1lpy1RlUoP3Sc2pyA3vX5AjQNWncsa", "application": 1, "access_token": 123}}, {"model": "oauth2_provider.refreshtoken", "pk": 124, "fields": {"user": 2, "token": "sSaPQcTZFtZduuyrh0po6TWrgCDK5D", "application": 1, "access_token": 124}}, {"model": "oauth2_provider.refreshtoken", "pk": 125, "fields": {"user": 2, "token": "PyxdspYGGJFIgM2XwFOspKEGcX9BUu", "application": 1, "access_token": 125}}, {"model": "oauth2_provider.refreshtoken", "pk": 126, "fields": {"user": 2, "token": "vvZVgATs0T9rQocDzXoHv6Imd5NNlu", "application": 1, "access_token": 126}}, {"model": "oauth2_provider.refreshtoken", "pk": 127, "fields": {"user": 2, "token": "87SlvaSpsZmthlkmKHKtsV4TtJKCRH", "application": 1, "access_token": 127}}, {"model": "oauth2_provider.refreshtoken", "pk": 128, "fields": {"user": 2, "token": "vbiiM18Ay6YreFjkaDsARdb7UZTrhV", "application": 1, "access_token": 128}}, {"model": "oauth2_provider.refreshtoken", "pk": 129, "fields": {"user": 2, "token": "j4pFC3GAmMEYqcEnZmmSr8YY3LMwFZ", "application": 1, "access_token": 129}}, {"model": "oauth2_provider.refreshtoken", "pk": 130, "fields": {"user": 2, "token": "26XJepbf0dQQCwGcKMA4ZCSU3sdxUb", "application": 1, "access_token": 130}}, {"model": "oauth2_provider.refreshtoken", "pk": 131, "fields": {"user": 2, "token": "9Dl3iblJOIOR8UMQ9G92jAUFphKpsH", "application": 1, "access_token": 131}}, {"model": "oauth2_provider.refreshtoken", "pk": 132, "fields": {"user": 2, "token": "tJMYieK4o7mhF2TffEDXf4wkbzXUwS", "application": 1, "access_token": 132}}, {"model": "oauth2_provider.refreshtoken", "pk": 133, "fields": {"user": 2, "token": "S6bAnzfTcuqwU7p51vgrnu5ASR0mlt", "application": 1, "access_token": 133}}, {"model": "oauth2_provider.refreshtoken", "pk": 134, "fields": {"user": 2, "token": "X8sfULjzv8hKjjF34qUT1JaPADstis", "application": 1, "access_token": 134}}, {"model": "oauth2_provider.refreshtoken", "pk": 135, "fields": {"user": 2, "token": "gyBtPVqhdmogBFa71qdtckoW7AZ6Vn", "application": 1, "access_token": 135}}, {"model": "oauth2_provider.refreshtoken", "pk": 136, "fields": {"user": 2, "token": "UPMJ8amkWtog94LjNv2qLtWKIpoksp", "application": 1, "access_token": 136}}, {"model": "oauth2_provider.refreshtoken", "pk": 137, "fields": {"user": 2, "token": "6M64Q0Jv3Ky1ew4BFRzhk29Y6ALE7e", "application": 1, "access_token": 137}}, {"model": "oauth2_provider.refreshtoken", "pk": 138, "fields": {"user": 2, "token": "YUPyi1aOnjKaPuEcIlNw0a8rKo6E71", "application": 1, "access_token": 138}}, {"model": "oauth2_provider.refreshtoken", "pk": 139, "fields": {"user": 2, "token": "SjZbPyFOo8M3YQWh8rqJSu1rO6W23H", "application": 1, "access_token": 139}}, {"model": "oauth2_provider.refreshtoken", "pk": 140, "fields": {"user": 2, "token": "mT01Rnw5opc0iWjZ2uG4IPlpHyeytB", "application": 1, "access_token": 140}}, {"model": "oauth2_provider.refreshtoken", "pk": 141, "fields": {"user": 2, "token": "d7trkVm1vXUz0zS2nhzpVEw6eI6DuL", "application": 1, "access_token": 141}}, {"model": "oauth2_provider.refreshtoken", "pk": 142, "fields": {"user": 2, "token": "qnoWeWJh2XP0kPkutU51S2QfaluoP4", "application": 1, "access_token": 142}}, {"model": "oauth2_provider.refreshtoken", "pk": 143, "fields": {"user": 2, "token": "TGtqtDOE0I33h0WaKi7kLD1UNEuHYh", "application": 1, "access_token": 143}}, {"model": "oauth2_provider.refreshtoken", "pk": 144, "fields": {"user": 2, "token": "o9G0YGzwZp8MTyEMVfo6PO35IYIp8o", "application": 1, "access_token": 144}}, {"model": "oauth2_provider.refreshtoken", "pk": 145, "fields": {"user": 2, "token": "PSXDPViYyVFacBY22ZyY0rA1JVsHim", "application": 1, "access_token": 145}}, {"model": "oauth2_provider.refreshtoken", "pk": 146, "fields": {"user": 2, "token": "G0eCytM6g9o4h0CBG85reDLKoqyLJZ", "application": 1, "access_token": 146}}, {"model": "oauth2_provider.refreshtoken", "pk": 147, "fields": {"user": 2, "token": "N2Qlhd1dyx00dwGTvAXoZ6svcwKq3h", "application": 1, "access_token": 147}}, {"model": "oauth2_provider.refreshtoken", "pk": 148, "fields": {"user": 2, "token": "XMvh0Oik1BfZySq1oEwp55OUa7K0Tj", "application": 1, "access_token": 148}}, {"model": "oauth2_provider.refreshtoken", "pk": 149, "fields": {"user": 2, "token": "c3gkBNrOoikr2uOP0iYMJxTS5LPvZr", "application": 1, "access_token": 149}}, {"model": "oauth2_provider.refreshtoken", "pk": 150, "fields": {"user": 2, "token": "GMVvfKJTKYrjEs3W0N1OfhaSLQ1EqF", "application": 1, "access_token": 150}}, {"model": "oauth2_provider.refreshtoken", "pk": 151, "fields": {"user": 2, "token": "os9FHfyEp5he1Tqs6Qlf8NAwm8FJCl", "application": 1, "access_token": 151}}, {"model": "oauth2_provider.refreshtoken", "pk": 152, "fields": {"user": 2, "token": "63Svz1nGvdxRmAJLCGCJgaShnkaNcD", "application": 1, "access_token": 152}}, {"model": "oauth2_provider.refreshtoken", "pk": 153, "fields": {"user": 2, "token": "QK7lDCXNniLtIVWGPIyGa3b6sPo64e", "application": 1, "access_token": 153}}, {"model": "oauth2_provider.refreshtoken", "pk": 154, "fields": {"user": 2, "token": "Mw2ELo3EoBOLF3XjqMJx7bl3PzHVeU", "application": 1, "access_token": 154}}, {"model": "oauth2_provider.refreshtoken", "pk": 155, "fields": {"user": 2, "token": "oaFJ0hWu9zDrlaBm6PaJ2eazhPJFa9", "application": 1, "access_token": 155}}, {"model": "oauth2_provider.refreshtoken", "pk": 156, "fields": {"user": 2, "token": "weW7oaSgmW6ulgujuFlPjAg1fVbF2s", "application": 1, "access_token": 156}}, {"model": "oauth2_provider.refreshtoken", "pk": 157, "fields": {"user": 2, "token": "3oHVyqYF8mCt4ODqfkRV3HYqRy8oGC", "application": 1, "access_token": 157}}, {"model": "oauth2_provider.refreshtoken", "pk": 158, "fields": {"user": 2, "token": "JnNu3pZtn7TBWcpczcWc6r1Th6vFUw", "application": 1, "access_token": 158}}, {"model": "oauth2_provider.refreshtoken", "pk": 159, "fields": {"user": 2, "token": "dFXHIZ8c05TuJYD6oQU02RbHKnukQP", "application": 1, "access_token": 159}}, {"model": "oauth2_provider.refreshtoken", "pk": 160, "fields": {"user": 2, "token": "hazssrYkTRPPmh1OIokKLmESDcLNPY", "application": 1, "access_token": 160}}, {"model": "oauth2_provider.refreshtoken", "pk": 161, "fields": {"user": 2, "token": "q4QtQHK0pFg7CCAvjGRNrhTci9Krxe", "application": 1, "access_token": 161}}, {"model": "oauth2_provider.refreshtoken", "pk": 162, "fields": {"user": 2, "token": "mCOfwbtBXFTiB5CB53HNSjG4g8NZOh", "application": 1, "access_token": 162}}, {"model": "oauth2_provider.refreshtoken", "pk": 163, "fields": {"user": 2, "token": "zBoOojeXMuCw6UtRzOH8bed3sJGlcg", "application": 1, "access_token": 163}}, {"model": "oauth2_provider.refreshtoken", "pk": 164, "fields": {"user": 2, "token": "ymBPqySLnaNaM5YA8TGRJzxzeEf99l", "application": 1, "access_token": 164}}, {"model": "oauth2_provider.refreshtoken", "pk": 165, "fields": {"user": 2, "token": "iNN68a0VBNs3RwtJdJqZvVDiEdcRih", "application": 1, "access_token": 165}}, {"model": "oauth2_provider.refreshtoken", "pk": 166, "fields": {"user": 2, "token": "gaqanwZnT3nEe4E6WGUGyBe7cpNOdF", "application": 1, "access_token": 166}}, {"model": "oauth2_provider.refreshtoken", "pk": 167, "fields": {"user": 2, "token": "1gcFXhGaoM7cjqim0yyKG8oOqVn7vh", "application": 1, "access_token": 167}}, {"model": "oauth2_provider.refreshtoken", "pk": 168, "fields": {"user": 2, "token": "4F0YWcVDzxSeOXHAPH4LL0A7rEwWA1", "application": 1, "access_token": 168}}, {"model": "oauth2_provider.refreshtoken", "pk": 169, "fields": {"user": 2, "token": "cqEW8MSolfLZrYMpbJD0PCFSptEia0", "application": 1, "access_token": 169}}, {"model": "oauth2_provider.refreshtoken", "pk": 170, "fields": {"user": 2, "token": "7zQHXAN6umpltlmugasypCoSOBljez", "application": 1, "access_token": 170}}, {"model": "oauth2_provider.refreshtoken", "pk": 171, "fields": {"user": 2, "token": "8JslRrM2lWf3gpeaYtGo0cpGuplylr", "application": 1, "access_token": 171}}, {"model": "oauth2_provider.refreshtoken", "pk": 172, "fields": {"user": 2, "token": "ThzUroAwgeLSxH9JI2DPYnmxNrHudr", "application": 1, "access_token": 172}}, {"model": "oauth2_provider.refreshtoken", "pk": 173, "fields": {"user": 2, "token": "cmpyyJ5pc9Nc6oJ74PebHJy23MRUBe", "application": 1, "access_token": 173}}, {"model": "oauth2_provider.refreshtoken", "pk": 174, "fields": {"user": 2, "token": "QNnZ0NIuF4KrPuMFuHp4kUwcjjbkwK", "application": 1, "access_token": 174}}, {"model": "oauth2_provider.refreshtoken", "pk": 175, "fields": {"user": 2, "token": "iFKyEMCQmfUkbQrDlIKSgYkUmrtO1g", "application": 1, "access_token": 175}}, {"model": "oauth2_provider.refreshtoken", "pk": 176, "fields": {"user": 2, "token": "dUGDWMJA6u9bApJivpLtLZ2AItmJ7w", "application": 1, "access_token": 176}}, {"model": "oauth2_provider.refreshtoken", "pk": 177, "fields": {"user": 2, "token": "9ElwyfPHQAmnH8idKFzUzWT0rFbxXP", "application": 1, "access_token": 177}}, {"model": "oauth2_provider.refreshtoken", "pk": 178, "fields": {"user": 2, "token": "pNEu2fvCjvXlcSXmxTKoPTGTinGY1s", "application": 1, "access_token": 178}}, {"model": "oauth2_provider.refreshtoken", "pk": 179, "fields": {"user": 1, "token": "M2774Lsffl6bwB1VhXwLl4faZSrKX1", "application": 1, "access_token": 179}}, {"model": "oauth2_provider.refreshtoken", "pk": 180, "fields": {"user": 2, "token": "wEQNHtTbyyNPsEUCzj4XaASpu0rsYs", "application": 1, "access_token": 180}}, {"model": "oauth2_provider.refreshtoken", "pk": 181, "fields": {"user": 2, "token": "Hbw2hpcJrbveggH7xrkEXbWngigwfw", "application": 1, "access_token": 181}}, {"model": "oauth2_provider.refreshtoken", "pk": 182, "fields": {"user": 2, "token": "3YBtWo4WdxEE0ZW3kAGHoidSpDMEWd", "application": 1, "access_token": 182}}, {"model": "oauth2_provider.refreshtoken", "pk": 183, "fields": {"user": 2, "token": "CzRLpXYtlCmqhgyma3VPYsYrvKvIBz", "application": 1, "access_token": 183}}, {"model": "oauth2_provider.refreshtoken", "pk": 184, "fields": {"user": 2, "token": "sVDZUMgGl653dUiDfFJS08xS9m4SY0", "application": 1, "access_token": 184}}, {"model": "oauth2_provider.refreshtoken", "pk": 185, "fields": {"user": 1, "token": "b8OJXH34xkRZRmdD3BDOdtdfVo3nah", "application": 1, "access_token": 185}}, {"model": "oauth2_provider.refreshtoken", "pk": 186, "fields": {"user": 2, "token": "fKlpVxZCKhRo1aXuOLUCpMRrOIhE13", "application": 1, "access_token": 186}}, {"model": "oauth2_provider.refreshtoken", "pk": 187, "fields": {"user": 2, "token": "5itMm8iuTUxfnU6kp02LFlrwvzvzcZ", "application": 1, "access_token": 187}}, {"model": "oauth2_provider.refreshtoken", "pk": 188, "fields": {"user": 2, "token": "yMReteEjK9upu1HnwPNJviTsPVAz24", "application": 1, "access_token": 188}}, {"model": "oauth2_provider.refreshtoken", "pk": 189, "fields": {"user": 2, "token": "ktBudy9W9ZlskifmVm1X6WtagHbo6J", "application": 1, "access_token": 189}}, {"model": "oauth2_provider.refreshtoken", "pk": 190, "fields": {"user": 1, "token": "p8zWGphJMmLgwmLFT0s47VqLZJ0PQi", "application": 1, "access_token": 190}}, {"model": "oauth2_provider.refreshtoken", "pk": 191, "fields": {"user": 2, "token": "8umAJQBIWbDLy5hjY64J4RTAtLYrbZ", "application": 1, "access_token": 191}}, {"model": "oauth2_provider.refreshtoken", "pk": 192, "fields": {"user": 1, "token": "gkcfPEY9Np9WCB3nk1xhiS0IWDfAU7", "application": 1, "access_token": 192}}, {"model": "oauth2_provider.refreshtoken", "pk": 193, "fields": {"user": 2, "token": "6RRkxXzGSIqftGBAtyBWwDazeT46OB", "application": 1, "access_token": 193}}, {"model": "oauth2_provider.refreshtoken", "pk": 194, "fields": {"user": 2, "token": "A3JeDTxie3gwLqYRYwYD2GoLKc2mxL", "application": 1, "access_token": 194}}, {"model": "oauth2_provider.refreshtoken", "pk": 195, "fields": {"user": 2, "token": "V9U78F0JkmDsV1N81We2te46KN2xc0", "application": 1, "access_token": 195}}, {"model": "oauth2_provider.refreshtoken", "pk": 196, "fields": {"user": 2, "token": "BuyxhkzSfzm4tOQjOM12qqKrpgPdmG", "application": 1, "access_token": 196}}, {"model": "oauth2_provider.refreshtoken", "pk": 197, "fields": {"user": 2, "token": "D4JWWo3NZiIVV9EwafSMNmYNodYAyD", "application": 1, "access_token": 197}}, {"model": "oauth2_provider.refreshtoken", "pk": 198, "fields": {"user": 2, "token": "42pY78uk9oTchIMmle5nKEAT9HkFL0", "application": 1, "access_token": 198}}, {"model": "oauth2_provider.refreshtoken", "pk": 199, "fields": {"user": 2, "token": "QA7CuyZKepYRWcftBOydguVw0OlgwL", "application": 1, "access_token": 199}}, {"model": "oauth2_provider.refreshtoken", "pk": 200, "fields": {"user": 2, "token": "KcehupHFWBeUl88Pw4NptvKr0MvUe5", "application": 1, "access_token": 200}}, {"model": "oauth2_provider.refreshtoken", "pk": 201, "fields": {"user": 1, "token": "ueMUaJxmU3xuGAA16Kax6ELF0LfLtQ", "application": 1, "access_token": 201}}, {"model": "oauth2_provider.refreshtoken", "pk": 202, "fields": {"user": 2, "token": "edazv28go89CXgRFA9NV67O7o0a0CV", "application": 1, "access_token": 202}}, {"model": "oauth2_provider.refreshtoken", "pk": 203, "fields": {"user": 2, "token": "yriQ9qPprg3rLjcCWoi1mwHzU8VJ6s", "application": 1, "access_token": 203}}, {"model": "oauth2_provider.refreshtoken", "pk": 204, "fields": {"user": 2, "token": "e6HvFiMT6MUAchQm4u9jxedsTZKhU3", "application": 1, "access_token": 204}}, {"model": "oauth2_provider.refreshtoken", "pk": 205, "fields": {"user": 2, "token": "9Nh2qXRONl2Is7kE5WrdCEpVdXmmTc", "application": 1, "access_token": 205}}, {"model": "oauth2_provider.refreshtoken", "pk": 206, "fields": {"user": 2, "token": "vPIZj2nVyYhI9uJTYuWqNgTariyBMK", "application": 1, "access_token": 206}}, {"model": "oauth2_provider.refreshtoken", "pk": 207, "fields": {"user": 2, "token": "Vh21LZacukrmGeqydzdaZEUClCS9X0", "application": 1, "access_token": 207}}, {"model": "oauth2_provider.refreshtoken", "pk": 208, "fields": {"user": 2, "token": "Y8bF3lXPhbSSHqaqf5AX2CTPnPKmAJ", "application": 1, "access_token": 208}}, {"model": "oauth2_provider.refreshtoken", "pk": 209, "fields": {"user": 1, "token": "lw4WIwe7uV0M92BZu1rpVwN65JvECe", "application": 1, "access_token": 209}}, {"model": "oauth2_provider.refreshtoken", "pk": 210, "fields": {"user": 2, "token": "Wupk47XwoznYhu8ZbtbQQ0eifwE2f5", "application": 1, "access_token": 210}}, {"model": "oauth2_provider.refreshtoken", "pk": 211, "fields": {"user": 2, "token": "jGTwU9DLFlv3SM1D0TBXTkbriwKZNg", "application": 1, "access_token": 211}}, {"model": "oauth2_provider.refreshtoken", "pk": 212, "fields": {"user": 2, "token": "CaSQ9JPn3ZZwUGEG6Vu6sMIJiedZTa", "application": 1, "access_token": 212}}, {"model": "oauth2_provider.refreshtoken", "pk": 213, "fields": {"user": 2, "token": "OueWJctrS0y1g6tVDLpiAhbVFcOVVC", "application": 1, "access_token": 213}}, {"model": "oauth2_provider.refreshtoken", "pk": 214, "fields": {"user": 2, "token": "8hXEgK1UkkMA0CjXcA8BCcU0SAKJ5c", "application": 1, "access_token": 214}}, {"model": "oauth2_provider.refreshtoken", "pk": 215, "fields": {"user": 2, "token": "kdyTwZAK8AiF40lqD8x6nnNI0ec0TC", "application": 1, "access_token": 215}}, {"model": "oauth2_provider.refreshtoken", "pk": 216, "fields": {"user": 2, "token": "ohOPP3QR95XeLmVFwdQIL248omSsrm", "application": 1, "access_token": 216}}, {"model": "oauth2_provider.refreshtoken", "pk": 217, "fields": {"user": 2, "token": "X2J2iczqmTBLCueeGF7QBI6rULrG0s", "application": 1, "access_token": 217}}, {"model": "oauth2_provider.refreshtoken", "pk": 218, "fields": {"user": 2, "token": "uUKORLc9CX3UkGzrom2RvVPeXJw5ep", "application": 1, "access_token": 218}}, {"model": "oauth2_provider.refreshtoken", "pk": 219, "fields": {"user": 2, "token": "CBRsUk8vlCkXJD4PUmBn4sJDi6ElWJ", "application": 1, "access_token": 219}}, {"model": "oauth2_provider.refreshtoken", "pk": 220, "fields": {"user": 2, "token": "epuZtjcjvhnyVwZaVrrp8G7mxz3H5U", "application": 1, "access_token": 220}}, {"model": "oauth2_provider.refreshtoken", "pk": 221, "fields": {"user": 2, "token": "vnBy0KqbEFz4wKhzDpo9riBwRudCG8", "application": 1, "access_token": 221}}, {"model": "oauth2_provider.refreshtoken", "pk": 222, "fields": {"user": 2, "token": "mGbSJ94Va4ztDfHzCU2If0rYOwx95K", "application": 1, "access_token": 222}}, {"model": "oauth2_provider.refreshtoken", "pk": 223, "fields": {"user": 2, "token": "dZDCRpjg6vLoOkrgFJgozTuNGILhsJ", "application": 1, "access_token": 223}}, {"model": "oauth2_provider.refreshtoken", "pk": 224, "fields": {"user": 1, "token": "c3PzPV6HcQRY5vd1TeWHtHubzlWixT", "application": 1, "access_token": 224}}, {"model": "oauth2_provider.refreshtoken", "pk": 225, "fields": {"user": 2, "token": "YUqLvFwszdcXJrw8Lid5GXVDyoMAko", "application": 1, "access_token": 225}}, {"model": "oauth2_provider.accesstoken", "pk": 1, "fields": {"user": 1, "token": "g83JblWnxsmZvLAyS6rcu1vDxhTegD", "application": 1, "expires": "2017-04-09T18:17:52.662Z", "scope": "read write groups"}}, {"model": "oauth2_provider.accesstoken", "pk": 2, "fields": {"user": 2, "token": "jyZUUnaqUCJdtLNuN7o4z7aGh4JvnY", "application": 1, "expires": "2017-04-10T02:19:34.831Z", "scope": "groups write read"}}, {"model": "oauth2_provider.accesstoken", "pk": 3, "fields": {"user": 2, "token": "OKVcrWy9MzU2nonqm0UTS8JsQaiZbq", "application": 1, "expires": "2017-04-14T04:58:08.545Z", "scope": "write read groups"}}, {"model": "oauth2_provider.accesstoken", "pk": 4, "fields": {"user": 2, "token": "P6q7v58aX6bh3eGtzceqbWY9Z02Eav", "application": 1, "expires": "2017-04-14T04:58:36.929Z", "scope": "write read groups"}}, {"model": "oauth2_provider.accesstoken", "pk": 5, "fields": {"user": 2, "token": "2SjOPd37KdM9i7rIadEPfZ5SEjUVR9", "application": 1, "expires": "2017-04-14T21:19:51.013Z", "scope": "write read groups"}}, {"model": "oauth2_provider.accesstoken", "pk": 6, "fields": {"user": 2, "token": "MM8mujTcfheYSX6x5nrfXCkQYGODmC", "application": 1, "expires": "2017-04-14T21:23:35.900Z", "scope": "write read groups"}}, {"model": "oauth2_provider.accesstoken", "pk": 7, "fields": {"user": 2, "token": "fQSolC0sRXjUW9rlbKuSkk8UDrq24a", "application": 1, "expires": "2017-04-14T21:50:02.693Z", "scope": "write read groups"}}, {"model": "oauth2_provider.accesstoken", "pk": 8, "fields": {"user": 2, "token": "yfHskgpYkEXtMnyuvH0QF57AukvcUB", "application": 1, "expires": "2017-04-14T23:22:42.324Z", "scope": "write read groups"}}, {"model": "oauth2_provider.accesstoken", "pk": 9, "fields": {"user": 2, "token": "eMCjU6QKtwrekIohjfQ3EjlPYockzJ", "application": 1, "expires": "2017-04-14T23:22:45.490Z", "scope": "write read groups"}}, {"model": "oauth2_provider.accesstoken", "pk": 10, "fields": {"user": 2, "token": "UUCF3MPocuIofkDFt8XVLnXpfoYuao", "application": 1, "expires": "2017-04-14T23:22:47.844Z", "scope": "write read groups"}}, {"model": "oauth2_provider.accesstoken", "pk": 11, "fields": {"user": 2, "token": "qvBYutKQIQGGLwpe5iqHj96S36p6pX", "application": 1, "expires": "2017-04-14T23:22:51.454Z", "scope": "write read groups"}}, {"model": "oauth2_provider.accesstoken", "pk": 12, "fields": {"user": 2, "token": "gvOK6VQevPPweXQzha4dkNGzdZPI8x", "application": 1, "expires": "2017-04-15T02:45:03.707Z", "scope": "write read groups"}}, {"model": "oauth2_provider.accesstoken", "pk": 13, "fields": {"user": 2, "token": "ZaEmwFTq4YtGYjgVs3V2zIbZq3VUU8", "application": 1, "expires": "2017-04-15T02:46:23.874Z", "scope": "write read groups"}}, {"model": "oauth2_provider.accesstoken", "pk": 14, "fields": {"user": 2, "token": "fKOjWf4ayGukE570CREUFfA2MppdVR", "application": 1, "expires": "2017-04-15T02:46:34.350Z", "scope": "write read groups"}}, {"model": "oauth2_provider.accesstoken", "pk": 15, "fields": {"user": 2, "token": "FY3CvV4zCsPIefXSsHUN4g0uIh9Im2", "application": 1, "expires": "2017-04-15T02:57:34.774Z", "scope": "write read groups"}}, {"model": "oauth2_provider.accesstoken", "pk": 16, "fields": {"user": 2, "token": "uTQuvw3SPBnDpkbuMjpj0R6zoROyOD", "application": 1, "expires": "2017-04-15T03:00:11.039Z", "scope": "write read groups"}}, {"model": "oauth2_provider.accesstoken", "pk": 17, "fields": {"user": 2, "token": "QPzqVepZQTchBI5quJADcnbGW1s3BS", "application": 1, "expires": "2017-04-15T04:53:10.607Z", "scope": "write read groups"}}, {"model": "oauth2_provider.accesstoken", "pk": 18, "fields": {"user": 2, "token": "o3ryRXIcWjVF9KejRnxF44cB6VNdGn", "application": 1, "expires": "2017-04-15T05:04:51.348Z", "scope": "write read groups"}}, {"model": "oauth2_provider.accesstoken", "pk": 19, "fields": {"user": 2, "token": "AWKspKl9CuFn2gLId7XYWfNy5ort20", "application": 1, "expires": "2017-04-15T05:05:16.692Z", "scope": "write read groups"}}, {"model": "oauth2_provider.accesstoken", "pk": 20, "fields": {"user": 2, "token": "eynmQilNMaGNhwW5SG86bunpXNEmdp", "application": 1, "expires": "2017-04-15T05:07:26.424Z", "scope": "write read groups"}}, {"model": "oauth2_provider.accesstoken", "pk": 21, "fields": {"user": 2, "token": "DdUCf9AVtiE0IJlSrmUt5QUNevEBHs", "application": 1, "expires": "2017-04-15T17:30:37.723Z", "scope": "write read groups"}}, {"model": "oauth2_provider.accesstoken", "pk": 23, "fields": {"user": 2, "token": "qBDy3uLkeEatYOJYYlkatoEXYLeVEM", "application": 1, "expires": "2017-04-16T02:21:24.490Z", "scope": "groups write read"}}, {"model": "oauth2_provider.accesstoken", "pk": 24, "fields": {"user": 2, "token": "1kS1f8hrzBVGeJ78iJz04l9B9PemW5", "application": 1, "expires": "2017-04-16T02:21:58.702Z", "scope": "groups write read"}}, {"model": "oauth2_provider.accesstoken", "pk": 25, "fields": {"user": 1, "token": "asFcRPIhGgVaLggxxDL9SIshjktDR7", "application": 1, "expires": "2017-04-16T02:22:15.886Z", "scope": "groups write read"}}, {"model": "oauth2_provider.accesstoken", "pk": 26, "fields": {"user": 1, "token": "irmPplisupD1S2XP3lHmoJRpXYohBf", "application": 1, "expires": "2017-04-16T02:22:17.188Z", "scope": "groups write read"}}, {"model": "oauth2_provider.accesstoken", "pk": 27, "fields": {"user": 1, "token": "QG4aXMFq4duFrndwvQTglni5YNbm6J", "application": 1, "expires": "2017-04-16T02:22:18.237Z", "scope": "groups write read"}}, {"model": "oauth2_provider.accesstoken", "pk": 28, "fields": {"user": 1, "token": "nNgFVGr5Ral0Ss9f2t46MEj2H5k4Dr", "application": 1, "expires": "2017-04-16T02:22:19.775Z", "scope": "groups write read"}}, {"model": "oauth2_provider.accesstoken", "pk": 30, "fields": {"user": 1, "token": "6awXLsG0WzvEhYZJgyvOUmvF1IIblc", "application": 1, "expires": "2017-04-16T02:24:12.510Z", "scope": "groups write read"}}, {"model": "oauth2_provider.accesstoken", "pk": 31, "fields": {"user": 1, "token": "jlUPhSRNxH6kk0kEEq4SoQvkEZgKXH", "application": 1, "expires": "2017-04-16T02:26:44.298Z", "scope": "groups write read"}}, {"model": "oauth2_provider.accesstoken", "pk": 34, "fields": {"user": 1, "token": "2zb5cOfQ2NleItg2KtCZhuECrFtqRH", "application": 1, "expires": "2017-04-16T02:39:30.271Z", "scope": "groups write read"}}, {"model": "oauth2_provider.accesstoken", "pk": 35, "fields": {"user": 2, "token": "6eAwuJ4tfBGAi4usST4xP8FjMiW24i", "application": 1, "expires": "2017-04-16T03:00:16.489Z", "scope": "groups write read"}}, {"model": "oauth2_provider.accesstoken", "pk": 36, "fields": {"user": 2, "token": "ORyajoVOaHxRr52oo6fqk4W8Zao9gb", "application": 1, "expires": "2017-04-16T04:26:23.756Z", "scope": "groups write read"}}, {"model": "oauth2_provider.accesstoken", "pk": 37, "fields": {"user": 2, "token": "FiJzrw96KNCUd7CY76lzfTdiHgeN47", "application": 1, "expires": "2017-04-16T04:27:00.749Z", "scope": "groups write read"}}, {"model": "oauth2_provider.accesstoken", "pk": 42, "fields": {"user": 2, "token": "D4PAIYuvYGxoIP4vVXYXVEsrx2399p", "application": 1, "expires": "2017-04-20T04:56:11.668Z", "scope": "read write groups"}}, {"model": "oauth2_provider.accesstoken", "pk": 44, "fields": {"user": 2, "token": "4S6vS8f0OGEDWYIiL1bT0MP3ECdnKg", "application": 1, "expires": "2017-04-20T21:06:35.432Z", "scope": "read write groups"}}, {"model": "oauth2_provider.accesstoken", "pk": 45, "fields": {"user": 2, "token": "btLCsrV3NdrdOLvNSLLf3MMfDWNSjg", "application": 1, "expires": "2017-04-21T00:01:58.625Z", "scope": "read write groups"}}, {"model": "oauth2_provider.accesstoken", "pk": 46, "fields": {"user": 1, "token": "HnNK4Lhb5r7wtOLY8l9YrjhoT2QCN3", "application": 1, "expires": "2017-04-21T03:15:22.208Z", "scope": "read write groups"}}, {"model": "oauth2_provider.accesstoken", "pk": 47, "fields": {"user": 1, "token": "YCza5eelRTm579ESFCq6hFrikK7pgh", "application": 1, "expires": "2017-05-20T17:15:44.977Z", "scope": "write read groups"}}, {"model": "oauth2_provider.accesstoken", "pk": 48, "fields": {"user": 2, "token": "6E3qj6YuyrL5ldIvWHDmDm41s2uwSU", "application": 1, "expires": "2017-05-20T19:17:22.811Z", "scope": "write read groups"}}, {"model": "oauth2_provider.accesstoken", "pk": 49, "fields": {"user": 2, "token": "VlciXqMEMbKHVEGdF3CN5xjhP8Am07", "application": 1, "expires": "2017-05-20T19:22:07.596Z", "scope": "write read groups"}}, {"model": "oauth2_provider.accesstoken", "pk": 50, "fields": {"user": 2, "token": "C4Vcj7U6wdZJYWzukh8vX28B24162v", "application": 1, "expires": "2017-05-20T19:42:03.635Z", "scope": "read write groups"}}, {"model": "oauth2_provider.accesstoken", "pk": 51, "fields": {"user": 2, "token": "9lGHWiiK9H3Wli1UhXXNzaoD74paR9", "application": 1, "expires": "2017-05-20T19:44:21.504Z", "scope": "read write groups"}}, {"model": "oauth2_provider.accesstoken", "pk": 52, "fields": {"user": 2, "token": "fRij849nufjR33kIsPeOw1CyVTmYBG", "application": 1, "expires": "2017-05-20T20:37:17.395Z", "scope": "read write groups"}}, {"model": "oauth2_provider.accesstoken", "pk": 53, "fields": {"user": 2, "token": "KH511zZmCYGrSElpTKhKR2UaHZUNMy", "application": 1, "expires": "2017-05-20T21:27:35.439Z", "scope": "read write groups"}}, {"model": "oauth2_provider.accesstoken", "pk": 54, "fields": {"user": 2, "token": "hl1ggsgzwD5FeeyCHHuAHQAaeVO7br", "application": 1, "expires": "2017-05-22T19:35:15.892Z", "scope": "read write groups"}}, {"model": "oauth2_provider.accesstoken", "pk": 55, "fields": {"user": 1, "token": "PGaIcNVvD1XpZbsoqr9v8Yymka6Yy6", "application": 1, "expires": "2017-05-22T19:41:12.594Z", "scope": "read write groups"}}, {"model": "oauth2_provider.accesstoken", "pk": 56, "fields": {"user": 1, "token": "9FmBHuD4hSgnZ0K1QFGFqbFixVyP6h", "application": 1, "expires": "2017-05-22T19:51:08.916Z", "scope": "read write groups"}}, {"model": "oauth2_provider.accesstoken", "pk": 57, "fields": {"user": 1, "token": "62iRJ8kSUqV7au1sJbs0aGdJGwb9z3", "application": 1, "expires": "2017-05-22T19:51:23.432Z", "scope": "read write groups"}}, {"model": "oauth2_provider.accesstoken", "pk": 58, "fields": {"user": 1, "token": "SKZ5FHdUFXqhN5Hkmew8Km1JtQHT6S", "application": 1, "expires": "2017-05-22T19:52:54.010Z", "scope": "read write groups"}}, {"model": "oauth2_provider.accesstoken", "pk": 59, "fields": {"user": 2, "token": "POQw1YmtOZtZJWzvZwUbOF5uMg30Oi", "application": 1, "expires": "2017-05-22T20:25:02.494Z", "scope": "read write groups"}}, {"model": "oauth2_provider.accesstoken", "pk": 60, "fields": {"user": 2, "token": "Mtr82j9XxQP3okJy5LxRTROcQdLITg", "application": 1, "expires": "2017-05-22T20:42:42.485Z", "scope": "read write groups"}}, {"model": "oauth2_provider.accesstoken", "pk": 61, "fields": {"user": 2, "token": "orKdQNl44b74sFHkWTW8IfcWg64d3z", "application": 1, "expires": "2017-05-22T20:43:01.045Z", "scope": "read write groups"}}, {"model": "oauth2_provider.accesstoken", "pk": 62, "fields": {"user": 2, "token": "h791znMqAKBe8gPi6tAh0dezcEfECy", "application": 1, "expires": "2017-05-22T20:44:37.605Z", "scope": "read write groups"}}, {"model": "oauth2_provider.accesstoken", "pk": 63, "fields": {"user": 2, "token": "VMR1IFgZJPl3ZbK8OsIAgzEiPOjp28", "application": 1, "expires": "2017-05-22T20:44:43.036Z", "scope": "read write groups"}}, {"model": "oauth2_provider.accesstoken", "pk": 64, "fields": {"user": 2, "token": "mxcnECCYkG9GbnBf1Xh0Vrz5RbFBgD", "application": 1, "expires": "2017-05-22T20:44:44.971Z", "scope": "read write groups"}}, {"model": "oauth2_provider.accesstoken", "pk": 65, "fields": {"user": 2, "token": "f3nEo6OJYqB0kUhcZcG7WAn3IZvc61", "application": 1, "expires": "2017-05-22T20:44:53.506Z", "scope": "read write groups"}}, {"model": "oauth2_provider.accesstoken", "pk": 66, "fields": {"user": 1, "token": "b4mrEfR53sFLKvzywBvxTzpKuVFpiz", "application": 1, "expires": "2017-05-22T20:45:26.243Z", "scope": "read write groups"}}, {"model": "oauth2_provider.accesstoken", "pk": 67, "fields": {"user": 1, "token": "MupSSkG7WXX4mK2fx9wuxKPfVWXV9H", "application": 1, "expires": "2017-05-22T20:49:12.731Z", "scope": "read write groups"}}, {"model": "oauth2_provider.accesstoken", "pk": 68, "fields": {"user": 1, "token": "iE8xlvE0l0FScfGG5nmMPnjcbnMIis", "application": 1, "expires": "2017-05-22T20:50:11.796Z", "scope": "read write groups"}}, {"model": "oauth2_provider.accesstoken", "pk": 69, "fields": {"user": 1, "token": "s1C7poLjekQ3PFZaH9CoSo6VKQMPAe", "application": 1, "expires": "2017-05-22T20:50:40.754Z", "scope": "read write groups"}}, {"model": "oauth2_provider.accesstoken", "pk": 70, "fields": {"user": 1, "token": "E3rg8UnGaa7rW9Txc9n1qv2T7C9DdZ", "application": 1, "expires": "2017-05-22T20:50:50.512Z", "scope": "read write groups"}}, {"model": "oauth2_provider.accesstoken", "pk": 71, "fields": {"user": 1, "token": "7GaDEJ91HCfMExLrMG8guieFzSFH18", "application": 1, "expires": "2017-05-22T20:50:51.660Z", "scope": "read write groups"}}, {"model": "oauth2_provider.accesstoken", "pk": 72, "fields": {"user": 1, "token": "6TSRkyNAtyvYAPujHNqJnSbrfnexmY", "application": 1, "expires": "2017-05-22T20:51:02.839Z", "scope": "read write groups"}}, {"model": "oauth2_provider.accesstoken", "pk": 73, "fields": {"user": 1, "token": "eIGEZsoOuH2d4WnmOdDoPixKJBb8MZ", "application": 1, "expires": "2017-05-22T20:51:12.488Z", "scope": "read write groups"}}, {"model": "oauth2_provider.accesstoken", "pk": 74, "fields": {"user": 1, "token": "zymteuFLWtqHFHQC7CdMcYl9cjZuhk", "application": 1, "expires": "2017-05-22T20:51:38.804Z", "scope": "read write groups"}}, {"model": "oauth2_provider.accesstoken", "pk": 75, "fields": {"user": 1, "token": "nx9KKujXcO4z9nHGSnA3ZeDiIeJJGO", "application": 1, "expires": "2017-05-22T20:51:48.925Z", "scope": "read write groups"}}, {"model": "oauth2_provider.accesstoken", "pk": 76, "fields": {"user": 1, "token": "25tJ9DV32lBHdLR5su55fG0rbLjEDY", "application": 1, "expires": "2017-05-22T20:51:58.040Z", "scope": "read write groups"}}, {"model": "oauth2_provider.accesstoken", "pk": 77, "fields": {"user": 1, "token": "deAi1hi9OszIk7AmTY7ly8JFn8Az4Y", "application": 1, "expires": "2017-05-22T20:52:06.715Z", "scope": "read write groups"}}, {"model": "oauth2_provider.accesstoken", "pk": 78, "fields": {"user": 1, "token": "EQxYCOJsH627cTcSByzLZqhuc8tTkU", "application": 1, "expires": "2017-05-22T20:52:16.555Z", "scope": "read write groups"}}, {"model": "oauth2_provider.accesstoken", "pk": 79, "fields": {"user": 1, "token": "ZTWnZvhORhT0QuTBPYAOWDx7S5xjZC", "application": 1, "expires": "2017-05-22T20:52:28.405Z", "scope": "read write groups"}}, {"model": "oauth2_provider.accesstoken", "pk": 80, "fields": {"user": 1, "token": "zYdUg0pp3Avqamf2EE52lVMTvuixCO", "application": 1, "expires": "2017-05-22T20:58:19.327Z", "scope": "read write groups"}}, {"model": "oauth2_provider.accesstoken", "pk": 81, "fields": {"user": 1, "token": "ghqGQ4FGKt6V46Q13TjCcD1zdBRTVC", "application": 1, "expires": "2017-05-22T21:12:17.216Z", "scope": "read write groups"}}, {"model": "oauth2_provider.accesstoken", "pk": 82, "fields": {"user": 1, "token": "KHRG6RV7qiPFBVc6JluBb3TUATfvZc", "application": 1, "expires": "2017-05-22T21:12:27.621Z", "scope": "read write groups"}}, {"model": "oauth2_provider.accesstoken", "pk": 83, "fields": {"user": 1, "token": "9M5gfTHh5dJB0rPyLPvQuJdc8sX7M2", "application": 1, "expires": "2017-05-22T21:20:29.129Z", "scope": "read write groups"}}, {"model": "oauth2_provider.accesstoken", "pk": 84, "fields": {"user": 1, "token": "YEvAKPWx9bQxqo8gKUqsEZKQXEDOCi", "application": 1, "expires": "2017-05-22T21:21:55.976Z", "scope": "read write groups"}}, {"model": "oauth2_provider.accesstoken", "pk": 85, "fields": {"user": 1, "token": "hthV8Jm4NiaoAyqpTSpoZjg4XGBLSh", "application": 1, "expires": "2017-05-22T21:22:27.046Z", "scope": "read write groups"}}, {"model": "oauth2_provider.accesstoken", "pk": 86, "fields": {"user": 1, "token": "AFto09Ia7z0se71yXR7Zp17nw5CPAI", "application": 1, "expires": "2017-05-22T21:22:50.911Z", "scope": "read write groups"}}, {"model": "oauth2_provider.accesstoken", "pk": 87, "fields": {"user": 1, "token": "7beRtfMMwjOczPHnjZqq9PHyiaLO0e", "application": 1, "expires": "2017-05-22T21:23:04.649Z", "scope": "read write groups"}}, {"model": "oauth2_provider.accesstoken", "pk": 88, "fields": {"user": 2, "token": "LbFVft6XD9k7J38fefxdvxmeMSdmky", "application": 1, "expires": "2017-05-22T21:34:17.047Z", "scope": "read write groups"}}, {"model": "oauth2_provider.accesstoken", "pk": 89, "fields": {"user": 2, "token": "5AjzTfJpweqtBc7NjDV63f5aBP4OqW", "application": 1, "expires": "2017-05-22T21:34:37.550Z", "scope": "read write groups"}}, {"model": "oauth2_provider.accesstoken", "pk": 90, "fields": {"user": 2, "token": "3VszMOHv8xVlfZ0Qz4CzUgKreMYQMU", "application": 1, "expires": "2017-05-22T21:34:58.467Z", "scope": "read write groups"}}, {"model": "oauth2_provider.accesstoken", "pk": 91, "fields": {"user": 2, "token": "f8nH5wRfZjRAEYZxH3fAzWdEm2Qx8Y", "application": 1, "expires": "2017-05-22T21:35:53.576Z", "scope": "read write groups"}}, {"model": "oauth2_provider.accesstoken", "pk": 92, "fields": {"user": 2, "token": "0R95wzgYaH2TgToc3xLZkb3FKPp5Kg", "application": 1, "expires": "2017-05-22T21:53:16.132Z", "scope": "read write groups"}}, {"model": "oauth2_provider.accesstoken", "pk": 93, "fields": {"user": 2, "token": "qKp1S6aFt0P1ppOo7TwxpshswWEJTK", "application": 1, "expires": "2017-05-22T21:53:59.534Z", "scope": "read write groups"}}, {"model": "oauth2_provider.accesstoken", "pk": 94, "fields": {"user": 2, "token": "Df9pNKM313ru5LGY2cpgnfUkATsW0V", "application": 1, "expires": "2017-05-22T21:54:18.441Z", "scope": "read write groups"}}, {"model": "oauth2_provider.accesstoken", "pk": 95, "fields": {"user": 2, "token": "ON20vCTigt6S8LHDNQK7vgfW9is4iv", "application": 1, "expires": "2017-05-22T21:59:38.792Z", "scope": "read write groups"}}, {"model": "oauth2_provider.accesstoken", "pk": 96, "fields": {"user": 2, "token": "rAmGph5kXxfwDi6Y0hKHGPQ6vPgwWt", "application": 1, "expires": "2017-05-22T22:00:03.507Z", "scope": "read write groups"}}, {"model": "oauth2_provider.accesstoken", "pk": 97, "fields": {"user": 2, "token": "k321FetzjocOiE8OPLSVdd6JXMnuTE", "application": 1, "expires": "2017-05-22T22:00:14.977Z", "scope": "read write groups"}}, {"model": "oauth2_provider.accesstoken", "pk": 98, "fields": {"user": 2, "token": "8r30wQnQQmE6OFG46yaIiCkZnQGW7F", "application": 1, "expires": "2017-05-22T22:00:29.316Z", "scope": "read write groups"}}, {"model": "oauth2_provider.accesstoken", "pk": 99, "fields": {"user": 2, "token": "W4Xv7oYC1ZPKi7UmG9tSjc5S0eV24u", "application": 1, "expires": "2017-05-22T22:00:45.680Z", "scope": "read write groups"}}, {"model": "oauth2_provider.accesstoken", "pk": 100, "fields": {"user": 2, "token": "rKcOKmHkvxhB9lBlx3134SAoRbU3gw", "application": 1, "expires": "2017-05-22T22:01:12.069Z", "scope": "read write groups"}}, {"model": "oauth2_provider.accesstoken", "pk": 101, "fields": {"user": 2, "token": "YEOcpCrWZZCWrPg8sdFe17xy2GvzrW", "application": 1, "expires": "2017-05-22T22:02:43.543Z", "scope": "read write groups"}}, {"model": "oauth2_provider.accesstoken", "pk": 102, "fields": {"user": 2, "token": "IVDIpfltmpgLGw8fDXoTRW2ae69f8P", "application": 1, "expires": "2017-05-22T22:02:49.386Z", "scope": "read write groups"}}, {"model": "oauth2_provider.accesstoken", "pk": 103, "fields": {"user": 2, "token": "vvL33Xb48PKSyhGJC09MxvcY25hvkf", "application": 1, "expires": "2017-05-22T22:02:52.937Z", "scope": "read write groups"}}, {"model": "oauth2_provider.accesstoken", "pk": 104, "fields": {"user": 2, "token": "ux32fHAzdcTWBTu9JMAz40EO2FJcJn", "application": 1, "expires": "2017-05-22T22:06:31.321Z", "scope": "read write groups"}}, {"model": "oauth2_provider.accesstoken", "pk": 105, "fields": {"user": 2, "token": "ALULOvK2YKliUAQQ1J2oHc4Qh21SOl", "application": 1, "expires": "2017-05-22T22:06:40.694Z", "scope": "groups write read"}}, {"model": "oauth2_provider.accesstoken", "pk": 106, "fields": {"user": 2, "token": "HiL23ijIxmLlWbRnwwC15OZXj5KdzP", "application": 1, "expires": "2017-05-22T22:06:48.468Z", "scope": "read write groups"}}, {"model": "oauth2_provider.accesstoken", "pk": 107, "fields": {"user": 2, "token": "wwa4Uf0n9ANKKp5yPACVgarUrEUKJ6", "application": 1, "expires": "2017-05-22T22:07:27.908Z", "scope": "read write groups"}}, {"model": "oauth2_provider.accesstoken", "pk": 108, "fields": {"user": 2, "token": "8zdFs4TcRCXF5Rof6OFZATUpImTu42", "application": 1, "expires": "2017-05-22T22:07:42.516Z", "scope": "read write groups"}}, {"model": "oauth2_provider.accesstoken", "pk": 109, "fields": {"user": 2, "token": "28AiogfRFBPFvQS1QUOf6qGGq0BFAm", "application": 1, "expires": "2017-05-22T22:08:07.340Z", "scope": "read write groups"}}, {"model": "oauth2_provider.accesstoken", "pk": 110, "fields": {"user": 2, "token": "oMuLn9ul1jF8UqjvcE0O5TsGVsaUsa", "application": 1, "expires": "2017-05-22T22:08:30.306Z", "scope": "read write groups"}}, {"model": "oauth2_provider.accesstoken", "pk": 111, "fields": {"user": 2, "token": "xsJ5mPK9Kx1iq54Lpppo65xH2HFbWg", "application": 1, "expires": "2017-05-22T22:09:25.541Z", "scope": "read write groups"}}, {"model": "oauth2_provider.accesstoken", "pk": 112, "fields": {"user": 2, "token": "Vlu8Vut7MLTZ4MplQZwQWy9nDNNjCS", "application": 1, "expires": "2017-05-22T22:09:33.730Z", "scope": "read write groups"}}, {"model": "oauth2_provider.accesstoken", "pk": 113, "fields": {"user": 2, "token": "bb5irvLW8WX7KTjpmufMhDA7CwFPgr", "application": 1, "expires": "2017-05-22T22:10:14.805Z", "scope": "read write groups"}}, {"model": "oauth2_provider.accesstoken", "pk": 114, "fields": {"user": 2, "token": "S2eTs9ixiFmexhxhJT9OFxvvEyo5Pp", "application": 1, "expires": "2017-05-22T22:10:53.050Z", "scope": "read write groups"}}, {"model": "oauth2_provider.accesstoken", "pk": 115, "fields": {"user": 2, "token": "3LE6DZga3JqmpBT2ZggRkP9R9gN7VD", "application": 1, "expires": "2017-05-22T22:12:23.213Z", "scope": "read write groups"}}, {"model": "oauth2_provider.accesstoken", "pk": 116, "fields": {"user": 2, "token": "p1n3bunGvGLC6I43gVdNnCBHmfiAyl", "application": 1, "expires": "2017-05-22T22:12:36.516Z", "scope": "read write groups"}}, {"model": "oauth2_provider.accesstoken", "pk": 117, "fields": {"user": 2, "token": "PgivZyBxm4HkL6QfXDETRAPxgBDgNV", "application": 1, "expires": "2017-05-22T22:12:43.533Z", "scope": "read write groups"}}, {"model": "oauth2_provider.accesstoken", "pk": 118, "fields": {"user": 2, "token": "3PB7RP3k082aqhSmkXQWX3zoRVC22G", "application": 1, "expires": "2017-05-22T22:12:45.526Z", "scope": "read write groups"}}, {"model": "oauth2_provider.accesstoken", "pk": 119, "fields": {"user": 2, "token": "iszkpVQPeLlTYyYSzoP1mXpy3yujkI", "application": 1, "expires": "2017-05-22T22:12:55.820Z", "scope": "read write groups"}}, {"model": "oauth2_provider.accesstoken", "pk": 120, "fields": {"user": 2, "token": "L00imjOKqFuVMfEp5fnzKiAXUShME0", "application": 1, "expires": "2017-05-22T22:13:02.786Z", "scope": "read write groups"}}, {"model": "oauth2_provider.accesstoken", "pk": 121, "fields": {"user": 2, "token": "o1bpXKL524Q3pcKzDbJN2jidb3VUSk", "application": 1, "expires": "2017-05-22T22:13:13.451Z", "scope": "read write groups"}}, {"model": "oauth2_provider.accesstoken", "pk": 122, "fields": {"user": 2, "token": "dXL6FfrxaScjTdDb3yZAoiYVAYP5b5", "application": 1, "expires": "2017-05-22T22:13:28.982Z", "scope": "read write groups"}}, {"model": "oauth2_provider.accesstoken", "pk": 123, "fields": {"user": 2, "token": "7FoEaCuQbjOVt5ysKr03rwSI4SgJJo", "application": 1, "expires": "2017-05-22T22:14:32.061Z", "scope": "read write groups"}}, {"model": "oauth2_provider.accesstoken", "pk": 124, "fields": {"user": 2, "token": "0tlyWsaE138OxfRzjwQlxT57vnjydt", "application": 1, "expires": "2017-05-22T22:14:50.561Z", "scope": "read write groups"}}, {"model": "oauth2_provider.accesstoken", "pk": 125, "fields": {"user": 2, "token": "m4QRufU2RU6Wcya8CUaQGNNK0OJNYk", "application": 1, "expires": "2017-05-22T22:15:04.586Z", "scope": "read write groups"}}, {"model": "oauth2_provider.accesstoken", "pk": 126, "fields": {"user": 2, "token": "fm8723GbwDeNhLJYVa24H5PKUZN2aE", "application": 1, "expires": "2017-05-22T22:15:24.550Z", "scope": "read write groups"}}, {"model": "oauth2_provider.accesstoken", "pk": 127, "fields": {"user": 2, "token": "3hTloh1xgJTlardpdMiz7kousknenH", "application": 1, "expires": "2017-05-22T22:16:38.832Z", "scope": "read write groups"}}, {"model": "oauth2_provider.accesstoken", "pk": 128, "fields": {"user": 2, "token": "X4BsJj8Tvi1lcPW9M0BvFK9ALxXpPS", "application": 1, "expires": "2017-05-22T22:16:46.354Z", "scope": "read write groups"}}, {"model": "oauth2_provider.accesstoken", "pk": 129, "fields": {"user": 2, "token": "W0Sb9kCipEVsaMh9LTkt6OA6HtIJgv", "application": 1, "expires": "2017-05-22T22:16:55.192Z", "scope": "read write groups"}}, {"model": "oauth2_provider.accesstoken", "pk": 130, "fields": {"user": 2, "token": "5LmGJP0Hw2qsjlTPp4SUo95DAfeuoL", "application": 1, "expires": "2017-05-22T22:18:02.778Z", "scope": "read write groups"}}, {"model": "oauth2_provider.accesstoken", "pk": 131, "fields": {"user": 2, "token": "hR3vNBp4UCewjwDmmnRjI3O5tlmqTp", "application": 1, "expires": "2017-05-22T22:18:35.418Z", "scope": "read write groups"}}, {"model": "oauth2_provider.accesstoken", "pk": 132, "fields": {"user": 2, "token": "Wr7C9XUKKd5YI21wrPfoi6Vns4b65f", "application": 1, "expires": "2017-05-22T22:18:56.778Z", "scope": "read write groups"}}, {"model": "oauth2_provider.accesstoken", "pk": 133, "fields": {"user": 2, "token": "oNCJrbOEJIrKPu1nwAsZOWQ6UYUuNv", "application": 1, "expires": "2017-05-22T22:25:05.377Z", "scope": "read write groups"}}, {"model": "oauth2_provider.accesstoken", "pk": 134, "fields": {"user": 2, "token": "lr9hwxcQs3jHF2kwkZImTH8ocJ7gNW", "application": 1, "expires": "2017-05-22T22:26:41.434Z", "scope": "read write groups"}}, {"model": "oauth2_provider.accesstoken", "pk": 135, "fields": {"user": 2, "token": "CVKwI17zzoyOHlDy0XBLJxI81PpYdl", "application": 1, "expires": "2017-05-22T22:27:44.628Z", "scope": "read write groups"}}, {"model": "oauth2_provider.accesstoken", "pk": 136, "fields": {"user": 2, "token": "o0Ftd6TKH204JqWjonJPtTiSeiVn6o", "application": 1, "expires": "2017-05-22T22:27:53.264Z", "scope": "read write groups"}}, {"model": "oauth2_provider.accesstoken", "pk": 137, "fields": {"user": 2, "token": "liiMnFeozWt94DRwz9qlXGr8fxeuKQ", "application": 1, "expires": "2017-05-22T22:27:55.400Z", "scope": "read write groups"}}, {"model": "oauth2_provider.accesstoken", "pk": 138, "fields": {"user": 2, "token": "R76QGKxLVFdyMj5YqaujjPMqvAFvgj", "application": 1, "expires": "2017-05-22T22:28:45.292Z", "scope": "read write groups"}}, {"model": "oauth2_provider.accesstoken", "pk": 139, "fields": {"user": 2, "token": "C4UASGPHNhYUliRYnyWm4o1YEA9lIw", "application": 1, "expires": "2017-05-22T22:28:50.789Z", "scope": "read write groups"}}, {"model": "oauth2_provider.accesstoken", "pk": 140, "fields": {"user": 2, "token": "scp9Lfcj0zrFgx3ToNBMfu9sk83PsF", "application": 1, "expires": "2017-05-22T22:29:56.462Z", "scope": "read write groups"}}, {"model": "oauth2_provider.accesstoken", "pk": 141, "fields": {"user": 2, "token": "CLVEfq3N4jFPKa2NjxB12ht63vRclo", "application": 1, "expires": "2017-05-22T22:29:58.600Z", "scope": "read write groups"}}, {"model": "oauth2_provider.accesstoken", "pk": 142, "fields": {"user": 2, "token": "bT747CAjfrpMpqf4wtRWWBmNVm5bdt", "application": 1, "expires": "2017-05-22T22:30:04.324Z", "scope": "read write groups"}}, {"model": "oauth2_provider.accesstoken", "pk": 143, "fields": {"user": 2, "token": "PNNPExcw2JIqNYXRqR3cSqBNjRBg9z", "application": 1, "expires": "2017-05-22T22:30:15.006Z", "scope": "read write groups"}}, {"model": "oauth2_provider.accesstoken", "pk": 144, "fields": {"user": 2, "token": "rDs5fbeCt5RpYTbnLnN3Km8hBTiUwn", "application": 1, "expires": "2017-05-22T22:30:24.843Z", "scope": "read write groups"}}, {"model": "oauth2_provider.accesstoken", "pk": 145, "fields": {"user": 2, "token": "xl2Xz2TIqU0f3PefGYaz4PT6WwQDCB", "application": 1, "expires": "2017-05-22T22:30:26.627Z", "scope": "read write groups"}}, {"model": "oauth2_provider.accesstoken", "pk": 146, "fields": {"user": 2, "token": "ogKQ7a9LqW89gg5BkGNtuQV1pxlglE", "application": 1, "expires": "2017-05-22T22:30:34.708Z", "scope": "read write groups"}}, {"model": "oauth2_provider.accesstoken", "pk": 147, "fields": {"user": 2, "token": "QWgib6dAGp0qOWvCPPKkUhODfG8T2C", "application": 1, "expires": "2017-05-22T22:30:40.854Z", "scope": "read write groups"}}, {"model": "oauth2_provider.accesstoken", "pk": 148, "fields": {"user": 2, "token": "55TL3GIhlXhIuPeOVIwvCNrku1BAGf", "application": 1, "expires": "2017-05-22T22:30:47.540Z", "scope": "read write groups"}}, {"model": "oauth2_provider.accesstoken", "pk": 149, "fields": {"user": 2, "token": "fcI0gkNs0iFEKMYjj3nj2N7ImEdaVb", "application": 1, "expires": "2017-05-22T22:30:49.463Z", "scope": "read write groups"}}, {"model": "oauth2_provider.accesstoken", "pk": 150, "fields": {"user": 2, "token": "NtgqULnFaz6jVlnReAqIXSPMdKvi79", "application": 1, "expires": "2017-05-22T22:33:38.026Z", "scope": "read write groups"}}, {"model": "oauth2_provider.accesstoken", "pk": 151, "fields": {"user": 2, "token": "bG4QMFTpqUXoP8ytp6UxIl7pc5Cefu", "application": 1, "expires": "2017-05-22T22:33:40.677Z", "scope": "read write groups"}}, {"model": "oauth2_provider.accesstoken", "pk": 152, "fields": {"user": 2, "token": "9D7Bdm2Cu8hrJ0b76j7vqwhSgNOxRy", "application": 1, "expires": "2017-05-22T22:51:44.160Z", "scope": "read write groups"}}, {"model": "oauth2_provider.accesstoken", "pk": 153, "fields": {"user": 2, "token": "uugJT5eE1IrMYJvNviZzo94WxgXfnO", "application": 1, "expires": "2017-05-22T23:08:42.267Z", "scope": "read write groups"}}, {"model": "oauth2_provider.accesstoken", "pk": 154, "fields": {"user": 2, "token": "jEUkY0lOLPkJWsl8B1c8T1dNJ04EAK", "application": 1, "expires": "2017-05-22T23:12:19.473Z", "scope": "read write groups"}}, {"model": "oauth2_provider.accesstoken", "pk": 155, "fields": {"user": 2, "token": "8tZ6bk3Z8WpYVp3AqsnJD7Cvie7v7a", "application": 1, "expires": "2017-05-22T23:12:20.450Z", "scope": "read write groups"}}, {"model": "oauth2_provider.accesstoken", "pk": 156, "fields": {"user": 2, "token": "HlkwZ96IYr7VvpuFdGYbs4udiVKRTZ", "application": 1, "expires": "2017-05-22T23:13:08.273Z", "scope": "read write groups"}}, {"model": "oauth2_provider.accesstoken", "pk": 157, "fields": {"user": 2, "token": "lycd0hGzJLqmV2PYLjBdv4D5OApKKK", "application": 1, "expires": "2017-05-22T23:17:00.501Z", "scope": "read write groups"}}, {"model": "oauth2_provider.accesstoken", "pk": 158, "fields": {"user": 2, "token": "Ojm3t78RC2pypGgeBzcYPlUDfRwfNu", "application": 1, "expires": "2017-05-22T23:17:45.668Z", "scope": "read write groups"}}, {"model": "oauth2_provider.accesstoken", "pk": 159, "fields": {"user": 2, "token": "HwWDMt7J1WvibLCYmnZmM5nneUePIa", "application": 1, "expires": "2017-05-22T23:17:46.521Z", "scope": "read write groups"}}, {"model": "oauth2_provider.accesstoken", "pk": 160, "fields": {"user": 2, "token": "l87j8Bc6RG4sytiMHMYeV7cs6gwqrF", "application": 1, "expires": "2017-05-22T23:26:18.564Z", "scope": "read write groups"}}, {"model": "oauth2_provider.accesstoken", "pk": 161, "fields": {"user": 2, "token": "10UBAoItrfgSFwNNhd9fctudUBmIsT", "application": 1, "expires": "2017-05-22T23:28:30.604Z", "scope": "read write groups"}}, {"model": "oauth2_provider.accesstoken", "pk": 162, "fields": {"user": 2, "token": "131at7j9n3gRu3PsYIDNHJFMfqrGKI", "application": 1, "expires": "2017-05-22T23:28:30.647Z", "scope": "read write groups"}}, {"model": "oauth2_provider.accesstoken", "pk": 163, "fields": {"user": 2, "token": "BWwQTQzTnpy4hc948Lpoibecd7McYx", "application": 1, "expires": "2017-05-22T23:37:25.593Z", "scope": "read write groups"}}, {"model": "oauth2_provider.accesstoken", "pk": 164, "fields": {"user": 2, "token": "znvYAHMEP4bI4DmabzNyzEQqfrS1rT", "application": 1, "expires": "2017-05-22T23:39:21.393Z", "scope": "read write groups"}}, {"model": "oauth2_provider.accesstoken", "pk": 165, "fields": {"user": 2, "token": "5LWJXS894q2rRmlCl2zfMk5geHKsZ2", "application": 1, "expires": "2017-05-22T23:39:21.409Z", "scope": "read write groups"}}, {"model": "oauth2_provider.accesstoken", "pk": 166, "fields": {"user": 2, "token": "7OlyeWnpncYZSo4vzcOxBoau8eBVBF", "application": 1, "expires": "2017-05-22T23:39:22.165Z", "scope": "read write groups"}}, {"model": "oauth2_provider.accesstoken", "pk": 167, "fields": {"user": 2, "token": "xyxlStkeCxRiaQh0a5IoZ27TLnJ0UV", "application": 1, "expires": "2017-05-22T23:41:12.073Z", "scope": "read write groups"}}, {"model": "oauth2_provider.accesstoken", "pk": 168, "fields": {"user": 2, "token": "B9AuwFuhJfP2cQDvf1rX7oK2KZOL4Y", "application": 1, "expires": "2017-05-22T23:41:51.469Z", "scope": "read write groups"}}, {"model": "oauth2_provider.accesstoken", "pk": 169, "fields": {"user": 2, "token": "Y2d1CfSSce2oDa6vox6mSTkFc8UoJL", "application": 1, "expires": "2017-05-22T23:42:29.440Z", "scope": "read write groups"}}, {"model": "oauth2_provider.accesstoken", "pk": 170, "fields": {"user": 2, "token": "pzsbPAsXabSU0lE40eOWjDWHkUM6EF", "application": 1, "expires": "2017-05-23T12:39:09.112Z", "scope": "read write groups"}}, {"model": "oauth2_provider.accesstoken", "pk": 171, "fields": {"user": 2, "token": "8Z8EaTd4hubM9QczhSzyJyDL2KV2MR", "application": 1, "expires": "2017-05-23T13:10:24.813Z", "scope": "read write groups"}}, {"model": "oauth2_provider.accesstoken", "pk": 172, "fields": {"user": 2, "token": "R6gTU1gidJJSz2UwjoCJyCOiVelTMm", "application": 1, "expires": "2017-05-23T13:17:16.069Z", "scope": "read write groups"}}, {"model": "oauth2_provider.accesstoken", "pk": 173, "fields": {"user": 2, "token": "lPkfpZXx5C19Jqun8gP6X2M34cDgxA", "application": 1, "expires": "2017-05-23T13:29:04.387Z", "scope": "read write groups"}}, {"model": "oauth2_provider.accesstoken", "pk": 174, "fields": {"user": 2, "token": "vcNz29APIkCQxktTfaMW2NBPXvCDkO", "application": 1, "expires": "2017-05-23T13:44:00.044Z", "scope": "read write groups"}}, {"model": "oauth2_provider.accesstoken", "pk": 175, "fields": {"user": 2, "token": "oNgwrBvVsxOdwAGZ7zCWwIHYWKwd7T", "application": 1, "expires": "2017-05-23T13:45:29.046Z", "scope": "read write groups"}}, {"model": "oauth2_provider.accesstoken", "pk": 176, "fields": {"user": 2, "token": "4GkQLTWgSf9Mqt7Qd0bYq11cYQAZjQ", "application": 1, "expires": "2017-05-23T13:48:02.935Z", "scope": "read write groups"}}, {"model": "oauth2_provider.accesstoken", "pk": 177, "fields": {"user": 2, "token": "DhfHOZO3eRvyz6Am4DfFPuW0fslmep", "application": 1, "expires": "2017-05-23T13:54:15.316Z", "scope": "read write groups"}}, {"model": "oauth2_provider.accesstoken", "pk": 178, "fields": {"user": 2, "token": "BAtX8N73M0h7Vglrp7tbyPZsGdnfjR", "application": 1, "expires": "2017-05-23T13:58:44.257Z", "scope": "read write groups"}}, {"model": "oauth2_provider.accesstoken", "pk": 179, "fields": {"user": 1, "token": "EQD30ykaGx78rUuMRQWIGdpzjhTFl9", "application": 1, "expires": "2017-05-23T14:04:41.210Z", "scope": "read write groups"}}, {"model": "oauth2_provider.accesstoken", "pk": 180, "fields": {"user": 2, "token": "dD6r3qqlzUGruCqldyezknUiQwBFMf", "application": 1, "expires": "2017-05-23T14:05:06.443Z", "scope": "read write groups"}}, {"model": "oauth2_provider.accesstoken", "pk": 181, "fields": {"user": 2, "token": "dXorWAkCIXQEjNxNltSZiGylxdlH2B", "application": 1, "expires": "2017-05-23T14:47:11.091Z", "scope": "read write groups"}}, {"model": "oauth2_provider.accesstoken", "pk": 182, "fields": {"user": 2, "token": "QNIbIF46YF2j5ESiGXHTyUEHr5yiit", "application": 1, "expires": "2017-05-23T14:57:06.948Z", "scope": "read write groups"}}, {"model": "oauth2_provider.accesstoken", "pk": 183, "fields": {"user": 2, "token": "BDVZWCgzRN5tXrQguFqYIecsIOKaxm", "application": 1, "expires": "2017-05-23T14:58:16.411Z", "scope": "read write groups"}}, {"model": "oauth2_provider.accesstoken", "pk": 184, "fields": {"user": 2, "token": "DfjzIcdqehrOpsW5ya8OG0X1vUnlfL", "application": 1, "expires": "2017-05-23T15:04:16.854Z", "scope": "read write groups"}}, {"model": "oauth2_provider.accesstoken", "pk": 185, "fields": {"user": 1, "token": "5P7oxRisMoD0UyCpfUHfzgQPSUsSNb", "application": 1, "expires": "2017-05-23T16:33:43.359Z", "scope": "read write groups"}}, {"model": "oauth2_provider.accesstoken", "pk": 186, "fields": {"user": 2, "token": "u6GaAE41OnZ7HJl5aMelzjoGkiFmqL", "application": 1, "expires": "2017-05-23T16:33:58.135Z", "scope": "read write groups"}}, {"model": "oauth2_provider.accesstoken", "pk": 187, "fields": {"user": 2, "token": "zDYPYHffXARGsVWYFlioMAFgWZnkQA", "application": 1, "expires": "2017-05-23T17:21:34.193Z", "scope": "read write groups"}}, {"model": "oauth2_provider.accesstoken", "pk": 188, "fields": {"user": 2, "token": "4UWmuuzQRnNvepfJqDfAuGM1VRYbYa", "application": 1, "expires": "2017-05-23T17:23:14.649Z", "scope": "read write groups"}}, {"model": "oauth2_provider.accesstoken", "pk": 189, "fields": {"user": 2, "token": "76NHoWXZrCwKePoGIvm09HSCL3vKLX", "application": 1, "expires": "2017-05-23T17:29:08.208Z", "scope": "read write groups"}}, {"model": "oauth2_provider.accesstoken", "pk": 190, "fields": {"user": 1, "token": "wv8r8dDm1WLLkAatNryrlg8tlVE8jW", "application": 1, "expires": "2017-05-23T17:33:28.032Z", "scope": "read write groups"}}, {"model": "oauth2_provider.accesstoken", "pk": 191, "fields": {"user": 2, "token": "82nomhnIm9BgQTkZvCcfe232hI7ywM", "application": 1, "expires": "2017-05-23T17:38:08.950Z", "scope": "read write groups"}}, {"model": "oauth2_provider.accesstoken", "pk": 192, "fields": {"user": 1, "token": "O0Ch16hKiYJnRBVtUgBpJiYSXrFVeY", "application": 1, "expires": "2017-05-23T17:39:03.965Z", "scope": "read write groups"}}, {"model": "oauth2_provider.accesstoken", "pk": 193, "fields": {"user": 2, "token": "XsXt8E3OJm9jhdOw3Ji1oSgi75e328", "application": 1, "expires": "2017-05-23T17:48:25.957Z", "scope": "read write groups"}}, {"model": "oauth2_provider.accesstoken", "pk": 194, "fields": {"user": 2, "token": "gct2FGYFbWRkMynMLIKLEn6gWEqML8", "application": 1, "expires": "2017-05-23T18:06:18.621Z", "scope": "read write groups"}}, {"model": "oauth2_provider.accesstoken", "pk": 195, "fields": {"user": 2, "token": "xkgVVme9GjlAJo122BZJJcvUyp6tnO", "application": 1, "expires": "2017-05-24T14:06:14.608Z", "scope": "read write groups"}}, {"model": "oauth2_provider.accesstoken", "pk": 196, "fields": {"user": 2, "token": "2ORDCVDazv8Wk7ywoKKlUA9Cx8c5pE", "application": 1, "expires": "2017-05-24T17:33:27.632Z", "scope": "read write groups"}}, {"model": "oauth2_provider.accesstoken", "pk": 197, "fields": {"user": 2, "token": "ie70LBBSHuReS9nSAsXibIQGqe9pmN", "application": 1, "expires": "2017-05-24T19:28:34.609Z", "scope": "read write groups"}}, {"model": "oauth2_provider.accesstoken", "pk": 198, "fields": {"user": 2, "token": "nT79vJIzwNMkkavwslgumoy92JHS3q", "application": 1, "expires": "2017-05-24T20:13:43.471Z", "scope": "read write groups"}}, {"model": "oauth2_provider.accesstoken", "pk": 199, "fields": {"user": 2, "token": "nPWVTS6lQu0aBnlwYq8Buf4Ms9Ivz1", "application": 1, "expires": "2017-05-24T20:15:21.670Z", "scope": "read write groups"}}, {"model": "oauth2_provider.accesstoken", "pk": 200, "fields": {"user": 2, "token": "olT4VeLDFgv1ZNr2IqT6A60Cj9q3D9", "application": 1, "expires": "2017-05-24T20:16:19.182Z", "scope": "read write groups"}}, {"model": "oauth2_provider.accesstoken", "pk": 201, "fields": {"user": 1, "token": "k5gdqKmfeCwVxaUINpkNn5Vve4Stvv", "application": 1, "expires": "2017-05-24T20:42:14.232Z", "scope": "write groups read"}}, {"model": "oauth2_provider.accesstoken", "pk": 202, "fields": {"user": 2, "token": "BlzE93AHKXyyvHlfOJsI09Htq7cFQL", "application": 1, "expires": "2017-05-24T20:45:11.851Z", "scope": "groups write read"}}, {"model": "oauth2_provider.accesstoken", "pk": 203, "fields": {"user": 2, "token": "9uJK4vK7BOBlT9CwkPIjV554mV2MLO", "application": 1, "expires": "2017-05-25T10:11:23.138Z", "scope": "read write groups"}}, {"model": "oauth2_provider.accesstoken", "pk": 204, "fields": {"user": 2, "token": "l6idTwcVYzClNRaoIzXkFUbUwlEhMe", "application": 1, "expires": "2017-05-25T13:25:14.357Z", "scope": "read write groups"}}, {"model": "oauth2_provider.accesstoken", "pk": 205, "fields": {"user": 2, "token": "VX9UsZ7IA6WvwWGPQ6qaBwpLc0F19h", "application": 1, "expires": "2017-05-25T14:16:31.545Z", "scope": "read write groups"}}, {"model": "oauth2_provider.accesstoken", "pk": 206, "fields": {"user": 2, "token": "tdZbDDZyQKLmFXBXlsy0GuEDu6qX9t", "application": 1, "expires": "2017-05-25T16:08:22.326Z", "scope": "read write groups"}}, {"model": "oauth2_provider.accesstoken", "pk": 207, "fields": {"user": 2, "token": "YpLh0qx8fjH2nioj3nbBFuTbN4CLLl", "application": 1, "expires": "2017-05-25T16:14:00.519Z", "scope": "read write groups"}}, {"model": "oauth2_provider.accesstoken", "pk": 208, "fields": {"user": 2, "token": "gQBeI5p9ctalEyzOTLSEqKkwyRrbHC", "application": 1, "expires": "2017-05-25T17:35:35.315Z", "scope": "groups read write"}}, {"model": "oauth2_provider.accesstoken", "pk": 209, "fields": {"user": 1, "token": "ES3gd3O4NPIvNXyftpUtKICV1k6rXW", "application": 1, "expires": "2017-05-25T17:36:21.235Z", "scope": "groups read write"}}, {"model": "oauth2_provider.accesstoken", "pk": 210, "fields": {"user": 2, "token": "9hHO4czfkqOe2QCLAZxOhJXiEJOGZQ", "application": 1, "expires": "2017-05-25T17:37:18.298Z", "scope": "groups read write"}}, {"model": "oauth2_provider.accesstoken", "pk": 211, "fields": {"user": 2, "token": "HD2OOJuqAgsFOacKcSZ7nYXxUCnmRj", "application": 1, "expires": "2017-05-25T17:54:05.882Z", "scope": "groups read write"}}, {"model": "oauth2_provider.accesstoken", "pk": 212, "fields": {"user": 2, "token": "hjKFsNmCkOHyZBcURzrQplhTD3F68P", "application": 1, "expires": "2017-05-25T17:56:23.063Z", "scope": "groups read write"}}, {"model": "oauth2_provider.accesstoken", "pk": 213, "fields": {"user": 2, "token": "4izOLdiQxvwJaVwKRBJJj7fuJxZIla", "application": 1, "expires": "2017-05-25T20:58:16.012Z", "scope": "groups read write"}}, {"model": "oauth2_provider.accesstoken", "pk": 214, "fields": {"user": 2, "token": "G8bMKogO4u75gGD68WACyXNhY211qi", "application": 1, "expires": "2017-05-27T10:21:18.517Z", "scope": "groups read write"}}, {"model": "oauth2_provider.accesstoken", "pk": 215, "fields": {"user": 2, "token": "yQf5jr6fB5qr94nxwIWrrZjtpG3yss", "application": 1, "expires": "2017-05-27T13:56:52.946Z", "scope": "groups read write"}}, {"model": "oauth2_provider.accesstoken", "pk": 216, "fields": {"user": 2, "token": "PGa5FEN8OhXcGyjVdY2TGgWH13oJDG", "application": 1, "expires": "2017-05-28T19:21:04.746Z", "scope": "groups write read"}}, {"model": "oauth2_provider.accesstoken", "pk": 217, "fields": {"user": 2, "token": "6cx4qwbKTkfY63hJFlEW3XSLOBZvMk", "application": 1, "expires": "2017-05-28T19:53:37.160Z", "scope": "groups write read"}}, {"model": "oauth2_provider.accesstoken", "pk": 218, "fields": {"user": 2, "token": "HrHqy4i34TYBCgycFtH8LbiU3cI5Ky", "application": 1, "expires": "2017-05-28T20:58:49.776Z", "scope": "groups write read"}}, {"model": "oauth2_provider.accesstoken", "pk": 219, "fields": {"user": 2, "token": "UopVKIHNpRT5SioM2Y5HPakkqKE8dJ", "application": 1, "expires": "2017-05-29T17:04:56.703Z", "scope": "groups write read"}}, {"model": "oauth2_provider.accesstoken", "pk": 220, "fields": {"user": 2, "token": "3AaU1zjJmgpZ5hKpkYdzyaTbZ5Upt8", "application": 1, "expires": "2017-06-02T19:38:56.569Z", "scope": "read groups write"}}, {"model": "oauth2_provider.accesstoken", "pk": 221, "fields": {"user": 2, "token": "n1Hv7mWo4ynO5iSdP8X4anfuyyVC3B", "application": 1, "expires": "2017-06-03T10:34:40.068Z", "scope": "read groups write"}}, {"model": "oauth2_provider.accesstoken", "pk": 222, "fields": {"user": 2, "token": "DP0y6U2Uv8RvUxgy0NxK5VBVltHsr2", "application": 1, "expires": "2017-06-04T13:43:02.815Z", "scope": "read groups write"}}, {"model": "oauth2_provider.accesstoken", "pk": 223, "fields": {"user": 2, "token": "WljyQNpbh0MbOtD005cIfsQPHEoaqC", "application": 1, "expires": "2017-06-06T10:02:02.514Z", "scope": "read groups write"}}, {"model": "oauth2_provider.accesstoken", "pk": 224, "fields": {"user": 1, "token": "K7W3iyynFJjo2ksiYdIbONf5pqFD5m", "application": 1, "expires": "2017-06-06T14:22:41.909Z", "scope": "write groups read"}}, {"model": "oauth2_provider.accesstoken", "pk": 225, "fields": {"user": 2, "token": "Jrd5tMjquUqVgcleg9YWqBjW2M4ACo", "application": 1, "expires": "2017-06-06T14:22:58.539Z", "scope": "write groups read"}}, {"model": "oauth2_provider.application", "pk": 1, "fields": {"client_id": "Dhrc9oX2buXZTWpgjQo0if0MnIrglNJhMLvS6xSb", "user": 1, "redirect_uris": "", "client_type": "public", "authorization_grant_type": "password", "client_secret": "wTqkstvmJhOv3wnbRuABqHNuYkITNFMeLfJyeZ3OQryK0PrMUfcc3pBqV2sb5wwIifpXjoZml4Qt6brUVM6pMqfCYCQbtl2EC9g6k3Z3mfAsjVO0CLGWEX8Jm2adeT7i", "name": "Android App", "skip_authorization": false}}, {"model": "recorder_engine.recording", "pk": 85, "fields": {"name": "Prova update pins", "date": "2017-05-04T10:34:45Z", "status": "SUBMITTED", "is_online": false, "is_converted": false, "course": null, "user": 2, "privacy": 0}}, {"model": "recorder_engine.recording", "pk": 86, "fields": {"name": "Algoritmi di sostituzione", "date": "2017-05-05T07:48:02Z", "status": "SUBMITTED", "is_online": false, "is_converted": false, "course": null, "user": 2, "privacy": 0}}, {"model": "recorder_engine.recording", "pk": 87, "fields": {"name": "Programmazione concorrente", "date": "2017-05-05T08:50:15Z", "status": "SUBMITTED", "is_online": false, "is_converted": false, "course": null, "user": 2, "privacy": 0}}, {"model": "recorder_engine.recording", "pk": 88, "fields": {"name": "Pin redesign", "date": "2017-05-09T11:08:03Z", "status": "SUBMITTED", "is_online": false, "is_converted": false, "course": null, "user": 2, "privacy": 0}}, {"model": "recorder_engine.recording", "pk": 89, "fields": {"name": "Pin redesign", "date": "2017-05-09T11:08:03Z", "status": "SUBMITTED", "is_online": false, "is_converted": false, "course": null, "user": 2, "privacy": 0}}, {"model": "recorder_engine.recording", "pk": 90, "fields": {"name": "Test", "date": "2017-05-09T11:11:18Z", "status": "SUBMITTED", "is_online": false, "is_converted": false, "course": null, "user": 2, "privacy": 0}}, {"model": "recorder_engine.course", "pk": 6, "fields": {"name": "Sistemi Operativi", "teacher": 2, "parent_course": null, "privacy": 0, "authorized_users": [2]}}, {"model": "recorder_engine.course", "pk": 7, "fields": {"name": "Laboratorio", "teacher": null, "parent_course": 6, "privacy": 0, "authorized_users": [2]}}, {"model": "recorder_engine.teacher", "pk": 1, "fields": {"name": "Carlo Caini", "role": "", "org": "", "university": null, "website": "", "privacy": 0, "authorized_users": []}}, {"model": "recorder_engine.teacher", "pk": 2, "fields": {"name": "Anna Ciampolini", "role": "", "org": "", "university": null, "website": "", "privacy": 0, "authorized_users": []}}, {"model": "recorder_engine.teacher", "pk": 3, "fields": {"name": "Daniela Loreti", "role": "", "org": "", "university": null, "website": "", "privacy": 0, "authorized_users": []}}, {"model": "recorder_engine.profile", "pk": 1, "fields": {"user": 2, "shared_recordings": [], "shared_courses": []}}, {"model": "recorder_engine.profile", "pk": 2, "fields": {"user": 1, "shared_recordings": [], "shared_courses": []}}]